data_folder,threshold,data_id,seed,pytorch_verified_energy,jax_reported_energy,energy_difference,jax_result_file,status
1_data_1000,1e-1,data_1,1,-19096.1171875,-19096.1173568964,0.00016939640045166016,../1_solve/solution/1_data_1000/thr_1e-1/data_1/jax_1,MATCH
1_data_1000,1e-1,data_1,2,-18593.55859375,-18593.558480620384,-0.0001131296157836914,../1_solve/solution/1_data_1000/thr_1e-1/data_1/jax_2,MATCH
1_data_1000,1e-1,data_1,3,-18847.333984375,-18847.334099054337,0.00011467933654785156,../1_solve/solution/1_data_1000/thr_1e-1/data_1/jax_3,MATCH
1_data_1000,1e-1,data_1,4,-18997.1171875,-18997.118383049965,0.0011955499649047852,../1_solve/solution/1_data_1000/thr_1e-1/data_1/jax_4,MATCH
1_data_1000,1e-1,data_1,5,-18862.78515625,-18862.786106824875,0.0009505748748779297,../1_solve/solution/1_data_1000/thr_1e-1/data_1/jax_5,MATCH
1_data_1000,1e-1,data_2,1,-18204.091796875,-18204.090104579926,-0.0016922950744628906,../1_solve/solution/1_data_1000/thr_1e-1/data_2/jax_1,MATCH
1_data_1000,1e-1,data_2,2,-17987.09375,-17987.092647910118,-0.0011020898818969727,../1_solve/solution/1_data_1000/thr_1e-1/data_2/jax_2,MATCH
1_data_1000,1e-1,data_2,3,-18205.3515625,-18205.35212993622,0.0005674362182617188,../1_solve/solution/1_data_1000/thr_1e-1/data_2/jax_3,MATCH
1_data_1000,1e-1,data_2,4,-18174.29296875,-18174.29447555542,0.001506805419921875,../1_solve/solution/1_data_1000/thr_1e-1/data_2/jax_4,MATCH
1_data_1000,1e-1,data_2,5,-18336.7890625,-18336.787845015526,-0.001217484474182129,../1_solve/solution/1_data_1000/thr_1e-1/data_2/jax_5,MATCH
1_data_1000,1e-1,data_3,1,-18874.068359375,-18874.068817973137,0.00045859813690185547,../1_solve/solution/1_data_1000/thr_1e-1/data_3/jax_1,MATCH
1_data_1000,1e-1,data_3,2,-18697.27734375,-18697.278367877007,0.0010241270065307617,../1_solve/solution/1_data_1000/thr_1e-1/data_3/jax_2,MATCH
1_data_1000,1e-1,data_3,3,-18693.765625,-18693.76676785946,0.0011428594589233398,../1_solve/solution/1_data_1000/thr_1e-1/data_3/jax_3,MATCH
1_data_1000,1e-1,data_3,4,-18573.4375,-18573.43782711029,0.00032711029052734375,../1_solve/solution/1_data_1000/thr_1e-1/data_3/jax_4,MATCH
1_data_1000,1e-1,data_3,5,-18510.63671875,-18510.635589122772,-0.0011296272277832031,../1_solve/solution/1_data_1000/thr_1e-1/data_3/jax_5,MATCH
1_data_1000,1e-1,data_4,1,-20045.671875,-20045.672515034676,0.0006400346755981445,../1_solve/solution/1_data_1000/thr_1e-1/data_4/jax_1,MATCH
1_data_1000,1e-1,data_4,2,-20084.58203125,-20084.5824123621,0.00038111209869384766,../1_solve/solution/1_data_1000/thr_1e-1/data_4/jax_2,MATCH
1_data_1000,1e-1,data_4,3,-19839.1015625,-19839.102365732193,0.0008032321929931641,../1_solve/solution/1_data_1000/thr_1e-1/data_4/jax_3,MATCH
1_data_1000,1e-1,data_4,4,-19863.541015625,-19863.5400274992,-0.0009881258010864258,../1_solve/solution/1_data_1000/thr_1e-1/data_4/jax_4,MATCH
1_data_1000,1e-1,data_4,5,-19965.36328125,-19965.364260554314,0.000979304313659668,../1_solve/solution/1_data_1000/thr_1e-1/data_4/jax_5,MATCH
1_data_1000,1e-1,data_5,1,-17810.173828125,-17810.17433345318,0.0005053281784057617,../1_solve/solution/1_data_1000/thr_1e-1/data_5/jax_1,MATCH
1_data_1000,1e-1,data_5,2,-17929.634765625,-17929.6338044405,-0.0009611845016479492,../1_solve/solution/1_data_1000/thr_1e-1/data_5/jax_2,MATCH
1_data_1000,1e-1,data_5,3,-17655.6953125,-17655.6956897974,0.00037729740142822266,../1_solve/solution/1_data_1000/thr_1e-1/data_5/jax_3,MATCH
1_data_1000,1e-1,data_5,4,-17919.7578125,-17919.756475925446,-0.0013365745544433594,../1_solve/solution/1_data_1000/thr_1e-1/data_5/jax_4,MATCH
1_data_1000,1e-1,data_5,5,-18004.0,-18003.998824119568,-0.0011758804321289062,../1_solve/solution/1_data_1000/thr_1e-1/data_5/jax_5,MATCH
1_data_1000,1e-2,data_1,1,-19451.087890625,-19451.087372779846,-0.0005178451538085938,../1_solve/solution/1_data_1000/thr_1e-2/data_1/jax_1,MATCH
1_data_1000,1e-2,data_1,2,-18981.568359375,-18981.567577958107,-0.0007814168930053711,../1_solve/solution/1_data_1000/thr_1e-2/data_1/jax_2,MATCH
1_data_1000,1e-2,data_1,3,-19374.94140625,-19374.94142639637,2.014636993408203e-05,../1_solve/solution/1_data_1000/thr_1e-2/data_1/jax_3,MATCH
1_data_1000,1e-2,data_1,4,-19191.1953125,-19191.19621670246,0.0009042024612426758,../1_solve/solution/1_data_1000/thr_1e-2/data_1/jax_4,MATCH
1_data_1000,1e-2,data_1,5,-19315.796875,-19315.79837679863,0.0015017986297607422,../1_solve/solution/1_data_1000/thr_1e-2/data_1/jax_5,MATCH
1_data_1000,1e-2,data_2,1,-18409.24609375,-18409.24531006813,-0.0007836818695068359,../1_solve/solution/1_data_1000/thr_1e-2/data_2/jax_1,MATCH
1_data_1000,1e-2,data_2,2,-18541.509765625,-18541.50976228714,-3.337860107421875e-06,../1_solve/solution/1_data_1000/thr_1e-2/data_2/jax_2,MATCH
1_data_1000,1e-2,data_2,3,-18584.298828125,-18584.299161195755,0.0003330707550048828,../1_solve/solution/1_data_1000/thr_1e-2/data_2/jax_3,MATCH
1_data_1000,1e-2,data_2,4,-18458.5390625,-18458.53708446026,-0.0019780397415161133,../1_solve/solution/1_data_1000/thr_1e-2/data_2/jax_4,MATCH
1_data_1000,1e-2,data_2,5,-18700.328125,-18700.32937991619,0.0012549161911010742,../1_solve/solution/1_data_1000/thr_1e-2/data_2/jax_5,MATCH
1_data_1000,1e-2,data_3,1,-19162.94921875,-19162.950574159622,0.0013554096221923828,../1_solve/solution/1_data_1000/thr_1e-2/data_3/jax_1,MATCH
1_data_1000,1e-2,data_3,2,-19032.248046875,-19032.24878001213,0.0007331371307373047,../1_solve/solution/1_data_1000/thr_1e-2/data_3/jax_2,MATCH
1_data_1000,1e-2,data_3,3,-19100.47265625,-19100.473231077194,0.0005748271942138672,../1_solve/solution/1_data_1000/thr_1e-2/data_3/jax_3,MATCH
1_data_1000,1e-2,data_3,4,-19041.78515625,-19041.78493475914,-0.00022149085998535156,../1_solve/solution/1_data_1000/thr_1e-2/data_3/jax_4,MATCH
1_data_1000,1e-2,data_3,5,-18983.95703125,-18983.956547379494,-0.0004838705062866211,../1_solve/solution/1_data_1000/thr_1e-2/data_3/jax_5,MATCH
1_data_1000,1e-2,data_4,1,-20431.6953125,-20431.695910334587,0.000597834587097168,../1_solve/solution/1_data_1000/thr_1e-2/data_4/jax_1,MATCH
1_data_1000,1e-2,data_4,2,-20370.609375,-20370.60975074768,0.0003757476806640625,../1_solve/solution/1_data_1000/thr_1e-2/data_4/jax_2,MATCH
1_data_1000,1e-2,data_4,3,-20200.05078125,-20200.05139040947,0.0006091594696044922,../1_solve/solution/1_data_1000/thr_1e-2/data_4/jax_3,MATCH
1_data_1000,1e-2,data_4,4,-20325.65625,-20325.657883644104,0.0016336441040039062,../1_solve/solution/1_data_1000/thr_1e-2/data_4/jax_4,MATCH
1_data_1000,1e-2,data_4,5,-20249.51953125,-20249.520326972008,0.0007957220077514648,../1_solve/solution/1_data_1000/thr_1e-2/data_4/jax_5,MATCH
1_data_1000,1e-2,data_5,1,-18338.91015625,-18338.908970594406,-0.0011856555938720703,../1_solve/solution/1_data_1000/thr_1e-2/data_5/jax_1,MATCH
1_data_1000,1e-2,data_5,2,-18346.30078125,-18346.301180243492,0.00039899349212646484,../1_solve/solution/1_data_1000/thr_1e-2/data_5/jax_2,MATCH
1_data_1000,1e-2,data_5,3,-18080.7578125,-18080.757615089417,-0.00019741058349609375,../1_solve/solution/1_data_1000/thr_1e-2/data_5/jax_3,MATCH
1_data_1000,1e-2,data_5,4,-18364.5078125,-18364.50698196888,-0.000830531120300293,../1_solve/solution/1_data_1000/thr_1e-2/data_5/jax_4,MATCH
1_data_1000,1e-2,data_5,5,-18321.384765625,-18321.3839918375,-0.0007737874984741211,../1_solve/solution/1_data_1000/thr_1e-2/data_5/jax_5,MATCH
1_data_1000,1e-3,data_1,1,-19620.904296875,-19620.90367782116,-0.000619053840637207,../1_solve/solution/1_data_1000/thr_1e-3/data_1/jax_1,MATCH
1_data_1000,1e-3,data_1,2,-19385.9140625,-19385.913545012474,-0.0005174875259399414,../1_solve/solution/1_data_1000/thr_1e-3/data_1/jax_2,MATCH
1_data_1000,1e-3,data_1,3,-19638.83984375,-19638.839294195175,-0.0005495548248291016,../1_solve/solution/1_data_1000/thr_1e-3/data_1/jax_3,MATCH
1_data_1000,1e-3,data_1,4,-19532.28125,-19532.279993772507,-0.0012562274932861328,../1_solve/solution/1_data_1000/thr_1e-3/data_1/jax_4,MATCH
1_data_1000,1e-3,data_1,5,-19481.001953125,-19481.002467036247,0.000513911247253418,../1_solve/solution/1_data_1000/thr_1e-3/data_1/jax_5,MATCH
1_data_1000,1e-3,data_2,1,-18751.05859375,-18751.056872963905,-0.0017207860946655273,../1_solve/solution/1_data_1000/thr_1e-3/data_2/jax_1,MATCH
1_data_1000,1e-3,data_2,2,-18778.76171875,-18778.759868502617,-0.0018502473831176758,../1_solve/solution/1_data_1000/thr_1e-3/data_2/jax_2,MATCH
1_data_1000,1e-3,data_2,3,-18867.740234375,-18867.740178585052,-5.5789947509765625e-05,../1_solve/solution/1_data_1000/thr_1e-3/data_2/jax_3,MATCH
1_data_1000,1e-3,data_2,4,-18625.66015625,-18625.657928466797,-0.002227783203125,../1_solve/solution/1_data_1000/thr_1e-3/data_2/jax_4,MATCH
1_data_1000,1e-3,data_2,5,-18901.240234375,-18901.240118980408,-0.00011539459228515625,../1_solve/solution/1_data_1000/thr_1e-3/data_2/jax_5,MATCH
1_data_1000,1e-3,data_3,1,-19378.982421875,-19378.982174873352,-0.00024700164794921875,../1_solve/solution/1_data_1000/thr_1e-3/data_3/jax_1,MATCH
1_data_1000,1e-3,data_3,2,-19402.1953125,-19402.19499051571,-0.00032198429107666016,../1_solve/solution/1_data_1000/thr_1e-3/data_3/jax_2,MATCH
1_data_1000,1e-3,data_3,3,-19283.865234375,-19283.86629974842,0.001065373420715332,../1_solve/solution/1_data_1000/thr_1e-3/data_3/jax_3,MATCH
1_data_1000,1e-3,data_3,4,-19481.333984375,-19481.335079312325,0.0010949373245239258,../1_solve/solution/1_data_1000/thr_1e-3/data_3/jax_4,MATCH
1_data_1000,1e-3,data_3,5,-19427.73046875,-19427.7320022583,0.00153350830078125,../1_solve/solution/1_data_1000/thr_1e-3/data_3/jax_5,MATCH
1_data_1000,1e-3,data_4,1,-20598.96484375,-20598.965049028397,0.0002052783966064453,../1_solve/solution/1_data_1000/thr_1e-3/data_4/jax_1,MATCH
1_data_1000,1e-3,data_4,2,-20542.3203125,-20542.32004070282,-0.00027179718017578125,../1_solve/solution/1_data_1000/thr_1e-3/data_4/jax_2,MATCH
1_data_1000,1e-3,data_4,3,-20600.97265625,-20600.973476409912,0.000820159912109375,../1_solve/solution/1_data_1000/thr_1e-3/data_4/jax_3,MATCH
1_data_1000,1e-3,data_4,4,-20537.0078125,-20537.006605625153,-0.0012068748474121094,../1_solve/solution/1_data_1000/thr_1e-3/data_4/jax_4,MATCH
1_data_1000,1e-3,data_4,5,-20605.48046875,-20605.482442378998,0.0019736289978027344,../1_solve/solution/1_data_1000/thr_1e-3/data_4/jax_5,MATCH
1_data_1000,1e-3,data_5,1,-18603.744140625,-18603.74378156662,-0.0003590583801269531,../1_solve/solution/1_data_1000/thr_1e-3/data_5/jax_1,MATCH
1_data_1000,1e-3,data_5,2,-18626.07421875,-18626.07324719429,-0.0009715557098388672,../1_solve/solution/1_data_1000/thr_1e-3/data_5/jax_2,MATCH
1_data_1000,1e-3,data_5,3,-18488.169921875,-18488.17022871971,0.00030684471130371094,../1_solve/solution/1_data_1000/thr_1e-3/data_5/jax_3,MATCH
1_data_1000,1e-3,data_5,4,-18735.896484375,-18735.896101474762,-0.0003829002380371094,../1_solve/solution/1_data_1000/thr_1e-3/data_5/jax_4,MATCH
1_data_1000,1e-3,data_5,5,-18521.14453125,-18521.145407676697,0.0008764266967773438,../1_solve/solution/1_data_1000/thr_1e-3/data_5/jax_5,MATCH
1_data_1000,1e-4,data_1,1,-19746.48046875,-19746.48058640957,0.0001176595687866211,../1_solve/solution/1_data_1000/thr_1e-4/data_1/jax_1,MATCH
1_data_1000,1e-4,data_1,2,-19567.8515625,-19567.853257775307,0.0016952753067016602,../1_solve/solution/1_data_1000/thr_1e-4/data_1/jax_2,MATCH
1_data_1000,1e-4,data_1,3,-19792.44140625,-19792.441558122635,0.0001518726348876953,../1_solve/solution/1_data_1000/thr_1e-4/data_1/jax_3,MATCH
1_data_1000,1e-4,data_1,4,-19714.314453125,-19714.313341617584,-0.0011115074157714844,../1_solve/solution/1_data_1000/thr_1e-4/data_1/jax_4,MATCH
1_data_1000,1e-4,data_1,5,-19766.296875,-19766.297207713127,0.00033271312713623047,../1_solve/solution/1_data_1000/thr_1e-4/data_1/jax_5,MATCH
1_data_1000,1e-4,data_2,1,-18878.421875,-18878.421483039856,-0.00039196014404296875,../1_solve/solution/1_data_1000/thr_1e-4/data_2/jax_1,MATCH
1_data_1000,1e-4,data_2,2,-18965.34375,-18965.34194600582,-0.0018039941787719727,../1_solve/solution/1_data_1000/thr_1e-4/data_2/jax_2,MATCH
1_data_1000,1e-4,data_2,3,-19052.125,-19052.12455224991,-0.0004477500915527344,../1_solve/solution/1_data_1000/thr_1e-4/data_2/jax_3,MATCH
1_data_1000,1e-4,data_2,4,-19059.60546875,-19059.605250597,-0.0002181529998779297,../1_solve/solution/1_data_1000/thr_1e-4/data_2/jax_4,MATCH
1_data_1000,1e-4,data_2,5,-19005.3125,-19005.31256735325,6.73532485961914e-05,../1_solve/solution/1_data_1000/thr_1e-4/data_2/jax_5,MATCH
1_data_1000,1e-4,data_3,1,-19546.5546875,-19546.55483341217,0.00014591217041015625,../1_solve/solution/1_data_1000/thr_1e-4/data_3/jax_1,MATCH
1_data_1000,1e-4,data_3,2,-19477.83984375,-19477.84002351761,0.00017976760864257812,../1_solve/solution/1_data_1000/thr_1e-4/data_3/jax_2,MATCH
1_data_1000,1e-4,data_3,3,-19539.1171875,-19539.118880987167,0.0016934871673583984,../1_solve/solution/1_data_1000/thr_1e-4/data_3/jax_3,MATCH
1_data_1000,1e-4,data_3,4,-19513.87890625,-19513.88104057312,0.0021343231201171875,../1_solve/solution/1_data_1000/thr_1e-4/data_3/jax_4,MATCH
1_data_1000,1e-4,data_3,5,-19492.462890625,-19492.463299393654,0.0004087686538696289,../1_solve/solution/1_data_1000/thr_1e-4/data_3/jax_5,MATCH
1_data_1000,1e-4,data_4,1,-20745.146484375,-20745.146192908287,-0.00029146671295166016,../1_solve/solution/1_data_1000/thr_1e-4/data_4/jax_1,MATCH
1_data_1000,1e-4,data_4,2,-20698.33203125,-20698.332518577576,0.00048732757568359375,../1_solve/solution/1_data_1000/thr_1e-4/data_4/jax_2,MATCH
1_data_1000,1e-4,data_4,3,-20674.779296875,-20674.77897489071,-0.00032198429107666016,../1_solve/solution/1_data_1000/thr_1e-4/data_4/jax_3,MATCH
1_data_1000,1e-4,data_4,4,-20818.0859375,-20818.085929632187,-7.867813110351562e-06,../1_solve/solution/1_data_1000/thr_1e-4/data_4/jax_4,MATCH
1_data_1000,1e-4,data_4,5,-20658.95703125,-20658.957000732422,-3.0517578125e-05,../1_solve/solution/1_data_1000/thr_1e-4/data_4/jax_5,MATCH
1_data_1000,1e-4,data_5,1,-18646.6640625,-18646.6638122797,-0.00025022029876708984,../1_solve/solution/1_data_1000/thr_1e-4/data_5/jax_1,MATCH
1_data_1000,1e-4,data_5,2,-18738.279296875,-18738.279483914375,0.00018703937530517578,../1_solve/solution/1_data_1000/thr_1e-4/data_5/jax_2,MATCH
1_data_1000,1e-4,data_5,3,-18736.91015625,-18736.911080241203,0.0009239912033081055,../1_solve/solution/1_data_1000/thr_1e-4/data_5/jax_3,MATCH
1_data_1000,1e-4,data_5,4,-18738.14453125,-18738.146018385887,0.001487135887145996,../1_solve/solution/1_data_1000/thr_1e-4/data_5/jax_4,MATCH
1_data_1000,1e-4,data_5,5,-18720.7734375,-18720.773032665253,-0.0004048347473144531,../1_solve/solution/1_data_1000/thr_1e-4/data_5/jax_5,MATCH
1_data_1000,1e-5,data_1,1,-19757.138671875,-19757.138177275658,-0.0004945993423461914,../1_solve/solution/1_data_1000/thr_1e-5/data_1/jax_1,MATCH
1_data_1000,1e-5,data_1,2,-19624.302734375,-19624.303317546844,0.0005831718444824219,../1_solve/solution/1_data_1000/thr_1e-5/data_1/jax_2,MATCH
1_data_1000,1e-5,data_1,3,-19792.44140625,-19792.441558122635,0.0001518726348876953,../1_solve/solution/1_data_1000/thr_1e-5/data_1/jax_3,MATCH
1_data_1000,1e-5,data_1,4,-19815.30859375,-19815.308244109154,-0.0003496408462524414,../1_solve/solution/1_data_1000/thr_1e-5/data_1/jax_4,MATCH
1_data_1000,1e-5,data_1,5,-19854.38671875,-19854.38736617565,0.000647425651550293,../1_solve/solution/1_data_1000/thr_1e-5/data_1/jax_5,MATCH
1_data_1000,1e-5,data_2,1,-19084.919921875,-19084.91996240616,4.0531158447265625e-05,../1_solve/solution/1_data_1000/thr_1e-5/data_2/jax_1,MATCH
1_data_1000,1e-5,data_2,2,-19012.609375,-19012.607289791107,-0.0020852088928222656,../1_solve/solution/1_data_1000/thr_1e-5/data_2/jax_2,MATCH
1_data_1000,1e-5,data_2,3,-19106.474609375,-19106.47553884983,0.0009294748306274414,../1_solve/solution/1_data_1000/thr_1e-5/data_2/jax_3,MATCH
1_data_1000,1e-5,data_2,4,-19131.0390625,-19131.038929462433,-0.00013303756713867188,../1_solve/solution/1_data_1000/thr_1e-5/data_2/jax_4,MATCH
1_data_1000,1e-5,data_2,5,-19081.2421875,-19081.243072628975,0.0008851289749145508,../1_solve/solution/1_data_1000/thr_1e-5/data_2/jax_5,MATCH
1_data_1000,1e-5,data_3,1,-19583.265625,-19583.26422536373,-0.0013996362686157227,../1_solve/solution/1_data_1000/thr_1e-5/data_3/jax_1,MATCH
1_data_1000,1e-5,data_3,2,-19477.83984375,-19477.84002351761,0.00017976760864257812,../1_solve/solution/1_data_1000/thr_1e-5/data_3/jax_2,MATCH
1_data_1000,1e-5,data_3,3,-19539.216796875,-19539.218119621277,0.0013227462768554688,../1_solve/solution/1_data_1000/thr_1e-5/data_3/jax_3,MATCH
1_data_1000,1e-5,data_3,4,-19518.7578125,-19518.755280017853,-0.002532482147216797,../1_solve/solution/1_data_1000/thr_1e-5/data_3/jax_4,MATCH
1_data_1000,1e-5,data_3,5,-19498.5390625,-19498.540063619614,0.001001119613647461,../1_solve/solution/1_data_1000/thr_1e-5/data_3/jax_5,MATCH
1_data_1000,1e-5,data_4,1,-20796.255859375,-20796.256019711494,0.00016033649444580078,../1_solve/solution/1_data_1000/thr_1e-5/data_4/jax_1,MATCH
1_data_1000,1e-5,data_4,2,-20768.8515625,-20768.85131573677,-0.0002467632293701172,../1_solve/solution/1_data_1000/thr_1e-5/data_4/jax_2,MATCH
1_data_1000,1e-5,data_4,3,-20821.265625,-20821.265287280083,-0.0003377199172973633,../1_solve/solution/1_data_1000/thr_1e-5/data_4/jax_3,MATCH
1_data_1000,1e-5,data_4,4,-20846.35546875,-20846.355573415756,0.00010466575622558594,../1_solve/solution/1_data_1000/thr_1e-5/data_4/jax_4,MATCH
1_data_1000,1e-5,data_4,5,-20794.5859375,-20794.58540868759,-0.0005288124084472656,../1_solve/solution/1_data_1000/thr_1e-5/data_4/jax_5,MATCH
1_data_1000,1e-5,data_5,1,-18791.119140625,-18791.118995189667,-0.00014543533325195312,../1_solve/solution/1_data_1000/thr_1e-5/data_5/jax_1,MATCH
1_data_1000,1e-5,data_5,2,-18782.1796875,-18782.178879141808,-0.0008083581924438477,../1_solve/solution/1_data_1000/thr_1e-5/data_5/jax_2,MATCH
1_data_1000,1e-5,data_5,3,-18772.916015625,-18772.916067242622,5.161762237548828e-05,../1_solve/solution/1_data_1000/thr_1e-5/data_5/jax_3,MATCH
1_data_1000,1e-5,data_5,4,-18793.775390625,-18793.776437044144,0.0010464191436767578,../1_solve/solution/1_data_1000/thr_1e-5/data_5/jax_4,MATCH
1_data_1000,1e-5,data_5,5,-18856.873046875,-18856.873075962067,2.9087066650390625e-05,../1_solve/solution/1_data_1000/thr_1e-5/data_5/jax_5,MATCH
1_data_1000,1e-6,data_1,1,-19765.498046875,-19765.498158335686,0.00011146068572998047,../1_solve/solution/1_data_1000/thr_1e-6/data_1/jax_1,MATCH
1_data_1000,1e-6,data_1,2,-19624.302734375,-19624.303317546844,0.0005831718444824219,../1_solve/solution/1_data_1000/thr_1e-6/data_1/jax_2,MATCH
1_data_1000,1e-6,data_1,3,-19792.44140625,-19792.441558122635,0.0001518726348876953,../1_solve/solution/1_data_1000/thr_1e-6/data_1/jax_3,MATCH
1_data_1000,1e-6,data_1,4,-19827.03515625,-19827.033360004425,-0.0017962455749511719,../1_solve/solution/1_data_1000/thr_1e-6/data_1/jax_4,MATCH
1_data_1000,1e-6,data_1,5,-19854.38671875,-19854.38736617565,0.000647425651550293,../1_solve/solution/1_data_1000/thr_1e-6/data_1/jax_5,MATCH
1_data_1000,1e-6,data_2,1,-19084.919921875,-19084.91996240616,4.0531158447265625e-05,../1_solve/solution/1_data_1000/thr_1e-6/data_2/jax_1,MATCH
1_data_1000,1e-6,data_2,2,-19024.09765625,-19024.09789299965,0.00023674964904785156,../1_solve/solution/1_data_1000/thr_1e-6/data_2/jax_2,MATCH
1_data_1000,1e-6,data_2,3,-19106.474609375,-19106.47553884983,0.0009294748306274414,../1_solve/solution/1_data_1000/thr_1e-6/data_2/jax_3,MATCH
1_data_1000,1e-6,data_2,4,-19130.4609375,-19130.46209669113,0.0011591911315917969,../1_solve/solution/1_data_1000/thr_1e-6/data_2/jax_4,MATCH
1_data_1000,1e-6,data_2,5,-19097.349609375,-19097.34921658039,-0.0003927946090698242,../1_solve/solution/1_data_1000/thr_1e-6/data_2/jax_5,MATCH
1_data_1000,1e-6,data_3,1,-19605.943359375,-19605.94373178482,0.0003724098205566406,../1_solve/solution/1_data_1000/thr_1e-6/data_3/jax_1,MATCH
1_data_1000,1e-6,data_3,2,-19567.82421875,-19567.824288845062,7.009506225585938e-05,../1_solve/solution/1_data_1000/thr_1e-6/data_3/jax_2,MATCH
1_data_1000,1e-6,data_3,3,-19533.51953125,-19533.519887328148,0.0003560781478881836,../1_solve/solution/1_data_1000/thr_1e-6/data_3/jax_3,MATCH
1_data_1000,1e-6,data_3,4,-19519.05859375,-19519.05703651905,-0.0015572309494018555,../1_solve/solution/1_data_1000/thr_1e-6/data_3/jax_4,MATCH
1_data_1000,1e-6,data_3,5,-19646.435546875,-19646.435436606407,-0.00011026859283447266,../1_solve/solution/1_data_1000/thr_1e-6/data_3/jax_5,MATCH
1_data_1000,1e-6,data_4,1,-20796.255859375,-20796.256019711494,0.00016033649444580078,../1_solve/solution/1_data_1000/thr_1e-6/data_4/jax_1,MATCH
1_data_1000,1e-6,data_4,2,-20779.82421875,-20779.823724746704,-0.0004940032958984375,../1_solve/solution/1_data_1000/thr_1e-6/data_4/jax_2,MATCH
1_data_1000,1e-6,data_4,3,-20846.142578125,-20846.141718149185,-0.0008599758148193359,../1_solve/solution/1_data_1000/thr_1e-6/data_4/jax_3,MATCH
1_data_1000,1e-6,data_4,4,-20846.35546875,-20846.355573415756,0.00010466575622558594,../1_solve/solution/1_data_1000/thr_1e-6/data_4/jax_4,MATCH
1_data_1000,1e-6,data_4,5,-20794.6484375,-20794.648823976517,0.0003864765167236328,../1_solve/solution/1_data_1000/thr_1e-6/data_4/jax_5,MATCH
1_data_1000,1e-6,data_5,1,-18791.119140625,-18791.118995189667,-0.00014543533325195312,../1_solve/solution/1_data_1000/thr_1e-6/data_5/jax_1,MATCH
1_data_1000,1e-6,data_5,2,-18868.693359375,-18868.692687869072,-0.0006715059280395508,../1_solve/solution/1_data_1000/thr_1e-6/data_5/jax_2,MATCH
1_data_1000,1e-6,data_5,3,-18796.53515625,-18796.53561604023,0.0004597902297973633,../1_solve/solution/1_data_1000/thr_1e-6/data_5/jax_3,MATCH
1_data_1000,1e-6,data_5,4,-18842.68359375,-18842.684163451195,0.0005697011947631836,../1_solve/solution/1_data_1000/thr_1e-6/data_5/jax_4,MATCH
1_data_1000,1e-6,data_5,5,-18856.873046875,-18856.873075962067,2.9087066650390625e-05,../1_solve/solution/1_data_1000/thr_1e-6/data_5/jax_5,MATCH
2_data_6000,1e-1,data_1,1,-268286.875,-268286.8673198223,-0.007680177688598633,../1_solve/solution/2_data_6000/thr_1e-1/data_1/jax_1,MATCH
2_data_6000,1e-1,data_1,2,-267285.4375,-267285.4298760891,-0.007623910903930664,../1_solve/solution/2_data_6000/thr_1e-1/data_1/jax_2,MATCH
2_data_6000,1e-1,data_1,3,-267841.8125,-267841.81111729145,-0.0013827085494995117,../1_solve/solution/2_data_6000/thr_1e-1/data_1/jax_3,MATCH
2_data_6000,1e-1,data_1,4,-268173.46875,-268173.4807264805,0.011976480484008789,../1_solve/solution/2_data_6000/thr_1e-1/data_1/jax_4,MATCH
2_data_6000,1e-1,data_1,5,-268353.75,-268353.76688849926,0.01688849925994873,../1_solve/solution/2_data_6000/thr_1e-1/data_1/jax_5,MATCH
2_data_6000,1e-1,data_2,1,-271023.96875,-271023.9749959707,0.006245970726013184,../1_solve/solution/2_data_6000/thr_1e-1/data_2/jax_1,MATCH
2_data_6000,1e-1,data_2,2,-269863.5625,-269863.56717562675,0.004675626754760742,../1_solve/solution/2_data_6000/thr_1e-1/data_2/jax_2,MATCH
2_data_6000,1e-1,data_2,3,-268731.9375,-268731.916058898,-0.021441102027893066,../1_solve/solution/2_data_6000/thr_1e-1/data_2/jax_3,MATCH
2_data_6000,1e-1,data_2,4,-270947.53125,-270947.5259183645,-0.005331635475158691,../1_solve/solution/2_data_6000/thr_1e-1/data_2/jax_4,MATCH
2_data_6000,1e-1,data_2,5,-269543.625,-269543.6304472685,0.005447268486022949,../1_solve/solution/2_data_6000/thr_1e-1/data_2/jax_5,MATCH
2_data_6000,1e-1,data_3,1,-270959.1875,-270959.1703644991,-0.01713550090789795,../1_solve/solution/2_data_6000/thr_1e-1/data_3/jax_1,MATCH
2_data_6000,1e-1,data_3,2,-272138.375,-272138.37145757675,-0.0035424232482910156,../1_solve/solution/2_data_6000/thr_1e-1/data_3/jax_2,MATCH
2_data_6000,1e-1,data_3,3,-271896.6875,-271896.65550661087,-0.03199338912963867,../1_solve/solution/2_data_6000/thr_1e-1/data_3/jax_3,MATCH
2_data_6000,1e-1,data_3,4,-273324.625,-273324.6220420599,-0.002957940101623535,../1_solve/solution/2_data_6000/thr_1e-1/data_3/jax_4,MATCH
2_data_6000,1e-1,data_3,5,-271907.6875,-271907.6672312021,-0.020268797874450684,../1_solve/solution/2_data_6000/thr_1e-1/data_3/jax_5,MATCH
2_data_6000,1e-1,data_4,1,-262809.0625,-262809.0434985161,-0.019001483917236328,../1_solve/solution/2_data_6000/thr_1e-1/data_4/jax_1,MATCH
2_data_6000,1e-1,data_4,2,-262106.9375,-262106.930824399,-0.006675601005554199,../1_solve/solution/2_data_6000/thr_1e-1/data_4/jax_2,MATCH
2_data_6000,1e-1,data_4,3,-261341.65625,-261341.6457221508,-0.010527849197387695,../1_solve/solution/2_data_6000/thr_1e-1/data_4/jax_3,MATCH
2_data_6000,1e-1,data_4,4,-263746.9375,-263746.9457761049,0.008276104927062988,../1_solve/solution/2_data_6000/thr_1e-1/data_4/jax_4,MATCH
2_data_6000,1e-1,data_4,5,-262345.53125,-262345.526258111,-0.004991888999938965,../1_solve/solution/2_data_6000/thr_1e-1/data_4/jax_5,MATCH
2_data_6000,1e-1,data_5,1,-256856.34375,-256856.35433912277,0.010589122772216797,../1_solve/solution/2_data_6000/thr_1e-1/data_5/jax_1,MATCH
2_data_6000,1e-1,data_5,2,-257896.46875,-257896.45527601242,-0.013473987579345703,../1_solve/solution/2_data_6000/thr_1e-1/data_5/jax_2,MATCH
2_data_6000,1e-1,data_5,3,-258419.328125,-258419.3270432949,-0.001081705093383789,../1_solve/solution/2_data_6000/thr_1e-1/data_5/jax_3,MATCH
2_data_6000,1e-1,data_5,4,-257906.84375,-257906.83187150955,-0.011878490447998047,../1_solve/solution/2_data_6000/thr_1e-1/data_5/jax_4,MATCH
2_data_6000,1e-1,data_5,5,-261081.6875,-261081.69139361382,0.003893613815307617,../1_solve/solution/2_data_6000/thr_1e-1/data_5/jax_5,MATCH
2_data_6000,1e-2,data_1,1,-273223.71875,-273223.74234354496,0.023593544960021973,../1_solve/solution/2_data_6000/thr_1e-2/data_1/jax_1,MATCH
2_data_6000,1e-2,data_1,2,-272725.03125,-272725.0524498224,0.021199822425842285,../1_solve/solution/2_data_6000/thr_1e-2/data_1/jax_2,MATCH
2_data_6000,1e-2,data_1,3,-273006.75,-273006.7708989382,0.020898938179016113,../1_solve/solution/2_data_6000/thr_1e-2/data_1/jax_3,MATCH
2_data_6000,1e-2,data_1,4,-273134.46875,-273134.4615986347,-0.007151365280151367,../1_solve/solution/2_data_6000/thr_1e-2/data_1/jax_4,MATCH
2_data_6000,1e-2,data_1,5,-273772.6875,-273772.6876232624,0.0001232624053955078,../1_solve/solution/2_data_6000/thr_1e-2/data_1/jax_5,MATCH
2_data_6000,1e-2,data_2,1,-275741.90625,-275741.9182803631,0.012030363082885742,../1_solve/solution/2_data_6000/thr_1e-2/data_2/jax_1,MATCH
2_data_6000,1e-2,data_2,2,-274757.28125,-274757.26584529877,-0.015404701232910156,../1_solve/solution/2_data_6000/thr_1e-2/data_2/jax_2,MATCH
2_data_6000,1e-2,data_2,3,-274474.25,-274474.2585237026,0.008523702621459961,../1_solve/solution/2_data_6000/thr_1e-2/data_2/jax_3,MATCH
2_data_6000,1e-2,data_2,4,-275216.6875,-275216.70418584347,0.016685843467712402,../1_solve/solution/2_data_6000/thr_1e-2/data_2/jax_4,MATCH
2_data_6000,1e-2,data_2,5,-274997.3125,-274997.34201335907,0.02951335906982422,../1_solve/solution/2_data_6000/thr_1e-2/data_2/jax_5,MATCH
2_data_6000,1e-2,data_3,1,-276941.28125,-276941.2765325308,-0.004717469215393066,../1_solve/solution/2_data_6000/thr_1e-2/data_3/jax_1,MATCH
2_data_6000,1e-2,data_3,2,-277696.25,-277696.2550933361,0.00509333610534668,../1_solve/solution/2_data_6000/thr_1e-2/data_3/jax_2,MATCH
2_data_6000,1e-2,data_3,3,-277138.125,-277138.131819129,0.00681912899017334,../1_solve/solution/2_data_6000/thr_1e-2/data_3/jax_3,MATCH
2_data_6000,1e-2,data_3,4,-278021.875,-278021.8597891331,-0.015210866928100586,../1_solve/solution/2_data_6000/thr_1e-2/data_3/jax_4,MATCH
2_data_6000,1e-2,data_3,5,-277285.25,-277285.26558947563,0.015589475631713867,../1_solve/solution/2_data_6000/thr_1e-2/data_3/jax_5,MATCH
2_data_6000,1e-2,data_4,1,-268668.25,-268668.2460166216,-0.0039833784103393555,../1_solve/solution/2_data_6000/thr_1e-2/data_4/jax_1,MATCH
2_data_6000,1e-2,data_4,2,-268129.625,-268129.6206469536,-0.004353046417236328,../1_solve/solution/2_data_6000/thr_1e-2/data_4/jax_2,MATCH
2_data_6000,1e-2,data_4,3,-267310.125,-267310.152700305,0.027700304985046387,../1_solve/solution/2_data_6000/thr_1e-2/data_4/jax_3,MATCH
2_data_6000,1e-2,data_4,4,-268479.46875,-268479.47710728645,0.00835728645324707,../1_solve/solution/2_data_6000/thr_1e-2/data_4/jax_4,MATCH
2_data_6000,1e-2,data_4,5,-267931.59375,-267931.60887527466,0.015125274658203125,../1_solve/solution/2_data_6000/thr_1e-2/data_4/jax_5,MATCH
2_data_6000,1e-2,data_5,1,-264078.9375,-264078.93751883507,1.8835067749023438e-05,../1_solve/solution/2_data_6000/thr_1e-2/data_5/jax_1,MATCH
2_data_6000,1e-2,data_5,2,-263192.6875,-263192.6871829033,-0.0003170967102050781,../1_solve/solution/2_data_6000/thr_1e-2/data_5/jax_2,MATCH
2_data_6000,1e-2,data_5,3,-264819.5,-264819.51497352123,0.01497352123260498,../1_solve/solution/2_data_6000/thr_1e-2/data_5/jax_3,MATCH
2_data_6000,1e-2,data_5,4,-263916.0,-263915.99922060966,-0.0007793903350830078,../1_solve/solution/2_data_6000/thr_1e-2/data_5/jax_4,MATCH
2_data_6000,1e-2,data_5,5,-265655.75,-265655.74211108685,-0.00788891315460205,../1_solve/solution/2_data_6000/thr_1e-2/data_5/jax_5,MATCH
2_data_6000,1e-3,data_1,1,-277160.3125,-277160.3126517534,0.00015175342559814453,../1_solve/solution/2_data_6000/thr_1e-3/data_1/jax_1,MATCH
2_data_6000,1e-3,data_1,2,-277063.03125,-277063.0151331425,-0.016116857528686523,../1_solve/solution/2_data_6000/thr_1e-3/data_1/jax_2,MATCH
2_data_6000,1e-3,data_1,3,-276402.375,-276402.3863886595,0.011388659477233887,../1_solve/solution/2_data_6000/thr_1e-3/data_1/jax_3,MATCH
2_data_6000,1e-3,data_1,4,-276049.0625,-276049.0649821758,0.002482175827026367,../1_solve/solution/2_data_6000/thr_1e-3/data_1/jax_4,MATCH
2_data_6000,1e-3,data_1,5,-277974.4375,-277974.459179759,0.02167975902557373,../1_solve/solution/2_data_6000/thr_1e-3/data_1/jax_5,MATCH
2_data_6000,1e-3,data_2,1,-279246.0625,-279246.0434679985,-0.019032001495361328,../1_solve/solution/2_data_6000/thr_1e-3/data_2/jax_1,MATCH
2_data_6000,1e-3,data_2,2,-278176.1875,-278176.20495569706,0.017455697059631348,../1_solve/solution/2_data_6000/thr_1e-3/data_2/jax_2,MATCH
2_data_6000,1e-3,data_2,3,-278411.15625,-278411.1468976736,-0.009352326393127441,../1_solve/solution/2_data_6000/thr_1e-3/data_2/jax_3,MATCH
2_data_6000,1e-3,data_2,4,-278409.09375,-278409.08788597584,-0.0058640241622924805,../1_solve/solution/2_data_6000/thr_1e-3/data_2/jax_4,MATCH
2_data_6000,1e-3,data_2,5,-278755.0625,-278755.0809608698,0.018460869789123535,../1_solve/solution/2_data_6000/thr_1e-3/data_2/jax_5,MATCH
2_data_6000,1e-3,data_3,1,-280202.03125,-280202.02486491203,-0.006385087966918945,../1_solve/solution/2_data_6000/thr_1e-3/data_3/jax_1,MATCH
2_data_6000,1e-3,data_3,2,-281656.375,-281656.39395689964,0.018956899642944336,../1_solve/solution/2_data_6000/thr_1e-3/data_3/jax_2,MATCH
2_data_6000,1e-3,data_3,3,-282164.9375,-282164.9277045727,-0.009795427322387695,../1_solve/solution/2_data_6000/thr_1e-3/data_3/jax_3,MATCH
2_data_6000,1e-3,data_3,4,-281529.3125,-281529.2891931534,-0.023306846618652344,../1_solve/solution/2_data_6000/thr_1e-3/data_3/jax_4,MATCH
2_data_6000,1e-3,data_3,5,-281121.21875,-281121.2287274599,0.009977459907531738,../1_solve/solution/2_data_6000/thr_1e-3/data_3/jax_5,MATCH
2_data_6000,1e-3,data_4,1,-272430.4375,-272430.4233084917,-0.014191508293151855,../1_solve/solution/2_data_6000/thr_1e-3/data_4/jax_1,MATCH
2_data_6000,1e-3,data_4,2,-272847.9375,-272847.9291206598,-0.008379340171813965,../1_solve/solution/2_data_6000/thr_1e-3/data_4/jax_2,MATCH
2_data_6000,1e-3,data_4,3,-272629.53125,-272629.5436440706,0.012394070625305176,../1_solve/solution/2_data_6000/thr_1e-3/data_4/jax_3,MATCH
2_data_6000,1e-3,data_4,4,-272265.125,-272265.1201505661,-0.004849433898925781,../1_solve/solution/2_data_6000/thr_1e-3/data_4/jax_4,MATCH
2_data_6000,1e-3,data_4,5,-271506.625,-271506.62575638294,0.000756382942199707,../1_solve/solution/2_data_6000/thr_1e-3/data_4/jax_5,MATCH
2_data_6000,1e-3,data_5,1,-267668.125,-267668.13281333447,0.007813334465026855,../1_solve/solution/2_data_6000/thr_1e-3/data_5/jax_1,MATCH
2_data_6000,1e-3,data_5,2,-267295.25,-267295.2447398901,-0.005260109901428223,../1_solve/solution/2_data_6000/thr_1e-3/data_5/jax_2,MATCH
2_data_6000,1e-3,data_5,3,-268646.59375,-268646.59451913834,0.0007691383361816406,../1_solve/solution/2_data_6000/thr_1e-3/data_5/jax_3,MATCH
2_data_6000,1e-3,data_5,4,-267879.8125,-267879.8471765518,0.034676551818847656,../1_solve/solution/2_data_6000/thr_1e-3/data_5/jax_4,MATCH
2_data_6000,1e-3,data_5,5,-268920.96875,-268920.9620485306,-0.006701469421386719,../1_solve/solution/2_data_6000/thr_1e-3/data_5/jax_5,MATCH
2_data_6000,1e-4,data_1,1,-280047.3125,-280047.2776104212,-0.0348895788192749,../1_solve/solution/2_data_6000/thr_1e-4/data_1/jax_1,MATCH
2_data_6000,1e-4,data_1,2,-279827.25,-279827.2440159321,-0.005984067916870117,../1_solve/solution/2_data_6000/thr_1e-4/data_1/jax_2,MATCH
2_data_6000,1e-4,data_1,3,-280737.15625,-280737.1599333286,0.003683328628540039,../1_solve/solution/2_data_6000/thr_1e-4/data_1/jax_3,MATCH
2_data_6000,1e-4,data_1,4,-280252.9375,-280252.9128192663,-0.024680733680725098,../1_solve/solution/2_data_6000/thr_1e-4/data_1/jax_4,MATCH
2_data_6000,1e-4,data_1,5,-280582.5625,-280582.5724297762,0.009929776191711426,../1_solve/solution/2_data_6000/thr_1e-4/data_1/jax_5,MATCH
2_data_6000,1e-4,data_2,1,-281000.9375,-281000.9363517761,-0.001148223876953125,../1_solve/solution/2_data_6000/thr_1e-4/data_2/jax_1,MATCH
2_data_6000,1e-4,data_2,2,-281177.9375,-281177.954493165,0.016993165016174316,../1_solve/solution/2_data_6000/thr_1e-4/data_2/jax_2,MATCH
2_data_6000,1e-4,data_2,3,-281334.53125,-281334.53377103806,0.002521038055419922,../1_solve/solution/2_data_6000/thr_1e-4/data_2/jax_3,MATCH
2_data_6000,1e-4,data_2,4,-280614.8125,-280614.80056512356,-0.011934876441955566,../1_solve/solution/2_data_6000/thr_1e-4/data_2/jax_4,MATCH
2_data_6000,1e-4,data_2,5,-281883.375,-281883.36416113377,-0.010838866233825684,../1_solve/solution/2_data_6000/thr_1e-4/data_2/jax_5,MATCH
2_data_6000,1e-4,data_3,1,-283400.0625,-283400.06134319305,-0.0011568069458007812,../1_solve/solution/2_data_6000/thr_1e-4/data_3/jax_1,MATCH
2_data_6000,1e-4,data_3,2,-283246.59375,-283246.5829501152,-0.010799884796142578,../1_solve/solution/2_data_6000/thr_1e-4/data_3/jax_2,MATCH
2_data_6000,1e-4,data_3,3,-285428.71875,-285428.7096887827,-0.009061217308044434,../1_solve/solution/2_data_6000/thr_1e-4/data_3/jax_3,MATCH
2_data_6000,1e-4,data_3,4,-285017.6875,-285017.7270259857,0.03952598571777344,../1_solve/solution/2_data_6000/thr_1e-4/data_3/jax_4,MATCH
2_data_6000,1e-4,data_3,5,-284406.75,-284406.7397836447,-0.010216355323791504,../1_solve/solution/2_data_6000/thr_1e-4/data_3/jax_5,MATCH
2_data_6000,1e-4,data_4,1,-275051.71875,-275051.7092573643,-0.009492635726928711,../1_solve/solution/2_data_6000/thr_1e-4/data_4/jax_1,MATCH
2_data_6000,1e-4,data_4,2,-274440.34375,-274440.35927271843,0.01552271842956543,../1_solve/solution/2_data_6000/thr_1e-4/data_4/jax_2,MATCH
2_data_6000,1e-4,data_4,3,-275338.4375,-275338.44491422176,0.00741422176361084,../1_solve/solution/2_data_6000/thr_1e-4/data_4/jax_3,MATCH
2_data_6000,1e-4,data_4,4,-274713.6875,-274713.685896039,-0.0016039609909057617,../1_solve/solution/2_data_6000/thr_1e-4/data_4/jax_4,MATCH
2_data_6000,1e-4,data_4,5,-274879.1875,-274879.1729656458,-0.014534354209899902,../1_solve/solution/2_data_6000/thr_1e-4/data_4/jax_5,MATCH
2_data_6000,1e-4,data_5,1,-272241.75,-272241.77002620697,0.020026206970214844,../1_solve/solution/2_data_6000/thr_1e-4/data_5/jax_1,MATCH
2_data_6000,1e-4,data_5,2,-271665.46875,-271665.4659152031,-0.002834796905517578,../1_solve/solution/2_data_6000/thr_1e-4/data_5/jax_2,MATCH
2_data_6000,1e-4,data_5,3,-271336.125,-271336.1135414839,-0.011458516120910645,../1_solve/solution/2_data_6000/thr_1e-4/data_5/jax_3,MATCH
2_data_6000,1e-4,data_5,4,-271675.0625,-271675.07028126717,0.007781267166137695,../1_solve/solution/2_data_6000/thr_1e-4/data_5/jax_4,MATCH
2_data_6000,1e-4,data_5,5,-271607.875,-271607.8896421194,0.014642119407653809,../1_solve/solution/2_data_6000/thr_1e-4/data_5/jax_5,MATCH
2_data_6000,1e-5,data_1,1,-281051.46875,-281051.4583263397,-0.010423660278320312,../1_solve/solution/2_data_6000/thr_1e-5/data_1/jax_1,MATCH
2_data_6000,1e-5,data_1,2,-280509.0625,-280509.0782277584,0.015727758407592773,../1_solve/solution/2_data_6000/thr_1e-5/data_1/jax_2,MATCH
2_data_6000,1e-5,data_1,3,-281604.1875,-281604.18562972546,-0.001870274543762207,../1_solve/solution/2_data_6000/thr_1e-5/data_1/jax_3,MATCH
2_data_6000,1e-5,data_1,4,-281435.25,-281435.2590446472,0.009044647216796875,../1_solve/solution/2_data_6000/thr_1e-5/data_1/jax_4,MATCH
2_data_6000,1e-5,data_1,5,-281775.8125,-281775.8277537823,0.015253782272338867,../1_solve/solution/2_data_6000/thr_1e-5/data_1/jax_5,MATCH
2_data_6000,1e-5,data_2,1,-282564.71875,-282564.7070720196,-0.011677980422973633,../1_solve/solution/2_data_6000/thr_1e-5/data_2/jax_1,MATCH
2_data_6000,1e-5,data_2,2,-281987.84375,-281987.8524440527,0.008694052696228027,../1_solve/solution/2_data_6000/thr_1e-5/data_2/jax_2,MATCH
2_data_6000,1e-5,data_2,3,-282746.0,-282746.008110404,0.008110404014587402,../1_solve/solution/2_data_6000/thr_1e-5/data_2/jax_3,MATCH
2_data_6000,1e-5,data_2,4,-282357.5,-282357.46583366394,-0.03416633605957031,../1_solve/solution/2_data_6000/thr_1e-5/data_2/jax_4,MATCH
2_data_6000,1e-5,data_2,5,-282702.6875,-282702.69070625305,0.0032062530517578125,../1_solve/solution/2_data_6000/thr_1e-5/data_2/jax_5,MATCH
2_data_6000,1e-5,data_3,1,-284768.375,-284768.3935831785,0.018583178520202637,../1_solve/solution/2_data_6000/thr_1e-5/data_3/jax_1,MATCH
2_data_6000,1e-5,data_3,2,-285318.71875,-285318.738363266,0.019613265991210938,../1_solve/solution/2_data_6000/thr_1e-5/data_3/jax_2,MATCH
2_data_6000,1e-5,data_3,3,-286735.40625,-286735.41491532326,0.008665323257446289,../1_solve/solution/2_data_6000/thr_1e-5/data_3/jax_3,MATCH
2_data_6000,1e-5,data_3,4,-285860.4375,-285860.4281336069,-0.009366393089294434,../1_solve/solution/2_data_6000/thr_1e-5/data_3/jax_4,MATCH
2_data_6000,1e-5,data_3,5,-285491.25,-285491.2275143862,-0.02248561382293701,../1_solve/solution/2_data_6000/thr_1e-5/data_3/jax_5,MATCH
2_data_6000,1e-5,data_4,1,-276467.09375,-276467.11420345306,0.020453453063964844,../1_solve/solution/2_data_6000/thr_1e-5/data_4/jax_1,MATCH
2_data_6000,1e-5,data_4,2,-276284.25,-276284.2629458904,0.012945890426635742,../1_solve/solution/2_data_6000/thr_1e-5/data_4/jax_2,MATCH
2_data_6000,1e-5,data_4,3,-276789.75,-276789.731785059,-0.018214941024780273,../1_solve/solution/2_data_6000/thr_1e-5/data_4/jax_3,MATCH
2_data_6000,1e-5,data_4,4,-275815.75,-275815.76485204697,0.014852046966552734,../1_solve/solution/2_data_6000/thr_1e-5/data_4/jax_4,MATCH
2_data_6000,1e-5,data_4,5,-276262.625,-276262.63595187664,0.010951876640319824,../1_solve/solution/2_data_6000/thr_1e-5/data_4/jax_5,MATCH
2_data_6000,1e-5,data_5,1,-273348.65625,-273348.65630090237,5.0902366638183594e-05,../1_solve/solution/2_data_6000/thr_1e-5/data_5/jax_1,MATCH
2_data_6000,1e-5,data_5,2,-272953.625,-272953.6373847723,0.012384772300720215,../1_solve/solution/2_data_6000/thr_1e-5/data_5/jax_2,MATCH
2_data_6000,1e-5,data_5,3,-273466.03125,-273466.02486753464,-0.006382465362548828,../1_solve/solution/2_data_6000/thr_1e-5/data_5/jax_3,MATCH
2_data_6000,1e-5,data_5,4,-273163.25,-273163.26448750496,0.014487504959106445,../1_solve/solution/2_data_6000/thr_1e-5/data_5/jax_4,MATCH
2_data_6000,1e-5,data_5,5,-272357.0625,-272357.0605714321,-0.001928567886352539,../1_solve/solution/2_data_6000/thr_1e-5/data_5/jax_5,MATCH
2_data_6000,1e-6,data_1,1,-281057.0625,-281057.0506334305,-0.011866569519042969,../1_solve/solution/2_data_6000/thr_1e-6/data_1/jax_1,MATCH
2_data_6000,1e-6,data_1,2,-281063.625,-281063.6195034981,-0.005496501922607422,../1_solve/solution/2_data_6000/thr_1e-6/data_1/jax_2,MATCH
2_data_6000,1e-6,data_1,3,-281890.6875,-281890.65674471855,-0.030755281448364258,../1_solve/solution/2_data_6000/thr_1e-6/data_1/jax_3,MATCH
2_data_6000,1e-6,data_1,4,-281552.34375,-281552.3409464359,-0.0028035640716552734,../1_solve/solution/2_data_6000/thr_1e-6/data_1/jax_4,MATCH
2_data_6000,1e-6,data_1,5,-282511.6875,-282511.7017993927,0.014299392700195312,../1_solve/solution/2_data_6000/thr_1e-6/data_1/jax_5,MATCH
2_data_6000,1e-6,data_2,1,-282587.8125,-282587.80998289585,-0.002517104148864746,../1_solve/solution/2_data_6000/thr_1e-6/data_2/jax_1,MATCH
2_data_6000,1e-6,data_2,2,-282844.9375,-282844.9093027115,-0.028197288513183594,../1_solve/solution/2_data_6000/thr_1e-6/data_2/jax_2,MATCH
2_data_6000,1e-6,data_2,3,-282894.90625,-282894.88547825813,-0.02077174186706543,../1_solve/solution/2_data_6000/thr_1e-6/data_2/jax_3,MATCH
2_data_6000,1e-6,data_2,4,-283029.0625,-283029.0441453457,-0.01835465431213379,../1_solve/solution/2_data_6000/thr_1e-6/data_2/jax_4,MATCH
2_data_6000,1e-6,data_2,5,-282964.75,-282964.7579500675,0.007950067520141602,../1_solve/solution/2_data_6000/thr_1e-6/data_2/jax_5,MATCH
2_data_6000,1e-6,data_3,1,-284987.9375,-284987.92381978035,-0.013680219650268555,../1_solve/solution/2_data_6000/thr_1e-6/data_3/jax_1,MATCH
2_data_6000,1e-6,data_3,2,-285318.71875,-285318.738363266,0.019613265991210938,../1_solve/solution/2_data_6000/thr_1e-6/data_3/jax_2,MATCH
2_data_6000,1e-6,data_3,3,-287072.875,-287072.87921464443,0.004214644432067871,../1_solve/solution/2_data_6000/thr_1e-6/data_3/jax_3,MATCH
2_data_6000,1e-6,data_3,4,-285993.65625,-285993.6630949974,0.006844997406005859,../1_solve/solution/2_data_6000/thr_1e-6/data_3/jax_4,MATCH
2_data_6000,1e-6,data_3,5,-285609.96875,-285609.96254587173,-0.006204128265380859,../1_solve/solution/2_data_6000/thr_1e-6/data_3/jax_5,MATCH
2_data_6000,1e-6,data_4,1,-276746.9375,-276746.93660259247,-0.0008974075317382812,../1_solve/solution/2_data_6000/thr_1e-6/data_4/jax_1,MATCH
2_data_6000,1e-6,data_4,2,-276443.59375,-276443.59646725655,0.002717256546020508,../1_solve/solution/2_data_6000/thr_1e-6/data_4/jax_2,MATCH
2_data_6000,1e-6,data_4,3,-276785.25,-276785.23867309093,-0.011326909065246582,../1_solve/solution/2_data_6000/thr_1e-6/data_4/jax_3,MATCH
2_data_6000,1e-6,data_4,4,-276173.09375,-276173.09686017036,0.003110170364379883,../1_solve/solution/2_data_6000/thr_1e-6/data_4/jax_4,MATCH
2_data_6000,1e-6,data_4,5,-276574.4375,-276574.4034810066,-0.03401899337768555,../1_solve/solution/2_data_6000/thr_1e-6/data_4/jax_5,MATCH
2_data_6000,1e-6,data_5,1,-273364.0625,-273364.0691343546,0.006634354591369629,../1_solve/solution/2_data_6000/thr_1e-6/data_5/jax_1,MATCH
2_data_6000,1e-6,data_5,2,-273458.3125,-273458.3273448944,0.014844894409179688,../1_solve/solution/2_data_6000/thr_1e-6/data_5/jax_2,MATCH
2_data_6000,1e-6,data_5,3,-273450.75,-273450.7460358143,-0.00396418571472168,../1_solve/solution/2_data_6000/thr_1e-6/data_5/jax_3,MATCH
2_data_6000,1e-6,data_5,4,-273185.25,-273185.2731000185,0.02310001850128174,../1_solve/solution/2_data_6000/thr_1e-6/data_5/jax_4,MATCH
2_data_6000,1e-6,data_5,5,-272810.4375,-272810.44277501106,0.00527501106262207,../1_solve/solution/2_data_6000/thr_1e-6/data_5/jax_5,MATCH
3_data_25000,1e-1,data_1,1,-2270095.5,-2270095.300112009,-0.19988799095153809,../1_solve/solution/3_data_25000/thr_1e-1/data_1/jax_1,MATCH
3_data_25000,1e-1,data_1,2,-2272633.75,-2272633.686928034,-0.06307196617126465,../1_solve/solution/3_data_25000/thr_1e-1/data_1/jax_2,MATCH
3_data_25000,1e-1,data_1,3,-2267007.0,-2267007.154372096,0.15437209606170654,../1_solve/solution/3_data_25000/thr_1e-1/data_1/jax_3,MATCH
3_data_25000,1e-1,data_1,4,-2266105.0,-2266104.9617803097,-0.03821969032287598,../1_solve/solution/3_data_25000/thr_1e-1/data_1/jax_4,MATCH
3_data_25000,1e-1,data_1,5,-2268630.5,-2268630.5078845024,0.007884502410888672,../1_solve/solution/3_data_25000/thr_1e-1/data_1/jax_5,MATCH
3_data_25000,1e-1,data_2,1,-2233982.5,-2233982.5358587503,0.035858750343322754,../1_solve/solution/3_data_25000/thr_1e-1/data_2/jax_1,MATCH
3_data_25000,1e-1,data_2,2,-2237643.75,-2237643.728859067,-0.0211409330368042,../1_solve/solution/3_data_25000/thr_1e-1/data_2/jax_2,MATCH
3_data_25000,1e-1,data_2,3,-2233695.25,-2233695.4916859865,0.24168598651885986,../1_solve/solution/3_data_25000/thr_1e-1/data_2/jax_3,MATCH
3_data_25000,1e-1,data_2,4,-2232232.25,-2232232.224027157,-0.025972843170166016,../1_solve/solution/3_data_25000/thr_1e-1/data_2/jax_4,MATCH
3_data_25000,1e-1,data_2,5,-2226238.25,-2226238.3088345528,0.05883455276489258,../1_solve/solution/3_data_25000/thr_1e-1/data_2/jax_5,MATCH
3_data_25000,1e-1,data_3,1,-2267319.25,-2267319.246251583,-0.0037484169006347656,../1_solve/solution/3_data_25000/thr_1e-1/data_3/jax_1,MATCH
3_data_25000,1e-1,data_3,2,-2269054.25,-2269054.105288744,-0.14471125602722168,../1_solve/solution/3_data_25000/thr_1e-1/data_3/jax_2,MATCH
3_data_25000,1e-1,data_3,3,-2263352.5,-2263352.3929184675,-0.10708153247833252,../1_solve/solution/3_data_25000/thr_1e-1/data_3/jax_3,MATCH
3_data_25000,1e-1,data_3,4,-2273161.75,-2273161.596531987,-0.15346801280975342,../1_solve/solution/3_data_25000/thr_1e-1/data_3/jax_4,MATCH
3_data_25000,1e-1,data_3,5,-2272923.25,-2272923.3531763554,0.10317635536193848,../1_solve/solution/3_data_25000/thr_1e-1/data_3/jax_5,MATCH
3_data_25000,1e-1,data_4,1,-2265399.0,-2265398.9196056128,-0.08039438724517822,../1_solve/solution/3_data_25000/thr_1e-1/data_4/jax_1,MATCH
3_data_25000,1e-1,data_4,2,-2267192.75,-2267192.7398729324,-0.010127067565917969,../1_solve/solution/3_data_25000/thr_1e-1/data_4/jax_2,MATCH
3_data_25000,1e-1,data_4,3,-2269467.0,-2269467.023286581,0.02328658103942871,../1_solve/solution/3_data_25000/thr_1e-1/data_4/jax_3,MATCH
3_data_25000,1e-1,data_4,4,-2271648.25,-2271648.1323537827,-0.1176462173461914,../1_solve/solution/3_data_25000/thr_1e-1/data_4/jax_4,MATCH
3_data_25000,1e-1,data_4,5,-2270352.25,-2270352.2846519947,0.034651994705200195,../1_solve/solution/3_data_25000/thr_1e-1/data_4/jax_5,MATCH
3_data_25000,1e-1,data_5,1,-2270145.75,-2270145.681129694,-0.06887030601501465,../1_solve/solution/3_data_25000/thr_1e-1/data_5/jax_1,MATCH
3_data_25000,1e-1,data_5,2,-2276220.5,-2276220.721019864,0.22101986408233643,../1_solve/solution/3_data_25000/thr_1e-1/data_5/jax_2,MATCH
3_data_25000,1e-1,data_5,3,-2279047.0,-2279046.9631135464,-0.03688645362854004,../1_solve/solution/3_data_25000/thr_1e-1/data_5/jax_3,MATCH
3_data_25000,1e-1,data_5,4,-2273493.25,-2273493.215393424,-0.03460657596588135,../1_solve/solution/3_data_25000/thr_1e-1/data_5/jax_4,MATCH
3_data_25000,1e-1,data_5,5,-2278052.5,-2278052.326660633,-0.1733393669128418,../1_solve/solution/3_data_25000/thr_1e-1/data_5/jax_5,MATCH
3_data_25000,1e-2,data_1,1,-2315753.25,-2315753.1496344805,-0.1003655195236206,../1_solve/solution/3_data_25000/thr_1e-2/data_1/jax_1,MATCH
3_data_25000,1e-2,data_1,2,-2316445.25,-2316445.2754523754,0.025452375411987305,../1_solve/solution/3_data_25000/thr_1e-2/data_1/jax_2,MATCH
3_data_25000,1e-2,data_1,3,-2314084.0,-2314084.1314344406,0.13143444061279297,../1_solve/solution/3_data_25000/thr_1e-2/data_1/jax_3,MATCH
3_data_25000,1e-2,data_1,4,-2311436.5,-2311436.6465195417,0.14651954174041748,../1_solve/solution/3_data_25000/thr_1e-2/data_1/jax_4,MATCH
3_data_25000,1e-2,data_1,5,-2314361.0,-2314361.005249262,0.0052492618560791016,../1_solve/solution/3_data_25000/thr_1e-2/data_1/jax_5,MATCH
3_data_25000,1e-2,data_2,1,-2283510.75,-2283510.8053742647,0.05537426471710205,../1_solve/solution/3_data_25000/thr_1e-2/data_2/jax_1,MATCH
3_data_25000,1e-2,data_2,2,-2281889.5,-2281889.5400487185,0.04004871845245361,../1_solve/solution/3_data_25000/thr_1e-2/data_2/jax_2,MATCH
3_data_25000,1e-2,data_2,3,-2278809.5,-2278809.506316781,0.006316781044006348,../1_solve/solution/3_data_25000/thr_1e-2/data_2/jax_3,MATCH
3_data_25000,1e-2,data_2,4,-2281935.5,-2281935.506374836,0.006374835968017578,../1_solve/solution/3_data_25000/thr_1e-2/data_2/jax_4,MATCH
3_data_25000,1e-2,data_2,5,-2279551.0,-2279551.0837597847,0.08375978469848633,../1_solve/solution/3_data_25000/thr_1e-2/data_2/jax_5,MATCH
3_data_25000,1e-2,data_3,1,-2314839.0,-2314838.9643825293,-0.03561747074127197,../1_solve/solution/3_data_25000/thr_1e-2/data_3/jax_1,MATCH
3_data_25000,1e-2,data_3,2,-2315634.5,-2315634.5249937773,0.02499377727508545,../1_solve/solution/3_data_25000/thr_1e-2/data_3/jax_2,MATCH
3_data_25000,1e-2,data_3,3,-2310588.75,-2310588.93511045,0.1851104497909546,../1_solve/solution/3_data_25000/thr_1e-2/data_3/jax_3,MATCH
3_data_25000,1e-2,data_3,4,-2318347.25,-2318347.22002244,-0.02997756004333496,../1_solve/solution/3_data_25000/thr_1e-2/data_3/jax_4,MATCH
3_data_25000,1e-2,data_3,5,-2317896.5,-2317896.6000334024,0.10003340244293213,../1_solve/solution/3_data_25000/thr_1e-2/data_3/jax_5,MATCH
3_data_25000,1e-2,data_4,1,-2317930.75,-2317930.6850612164,-0.06493878364562988,../1_solve/solution/3_data_25000/thr_1e-2/data_4/jax_1,MATCH
3_data_25000,1e-2,data_4,2,-2311821.5,-2311821.340786934,-0.15921306610107422,../1_solve/solution/3_data_25000/thr_1e-2/data_4/jax_2,MATCH
3_data_25000,1e-2,data_4,3,-2316991.0,-2316990.8315103054,-0.16848969459533691,../1_solve/solution/3_data_25000/thr_1e-2/data_4/jax_3,MATCH
3_data_25000,1e-2,data_4,4,-2316656.0,-2316655.8858532906,-0.11414670944213867,../1_solve/solution/3_data_25000/thr_1e-2/data_4/jax_4,MATCH
3_data_25000,1e-2,data_4,5,-2315764.25,-2315764.325695157,0.07569515705108643,../1_solve/solution/3_data_25000/thr_1e-2/data_4/jax_5,MATCH
3_data_25000,1e-2,data_5,1,-2320221.5,-2320221.389945984,-0.11005401611328125,../1_solve/solution/3_data_25000/thr_1e-2/data_5/jax_1,MATCH
3_data_25000,1e-2,data_5,2,-2321287.0,-2321287.207922697,0.20792269706726074,../1_solve/solution/3_data_25000/thr_1e-2/data_5/jax_2,MATCH
3_data_25000,1e-2,data_5,3,-2324937.75,-2324937.664283037,-0.08571696281433105,../1_solve/solution/3_data_25000/thr_1e-2/data_5/jax_3,MATCH
3_data_25000,1e-2,data_5,4,-2320042.5,-2320042.2793462276,-0.22065377235412598,../1_solve/solution/3_data_25000/thr_1e-2/data_5/jax_4,MATCH
3_data_25000,1e-2,data_5,5,-2323191.0,-2323191.01527071,0.015270709991455078,../1_solve/solution/3_data_25000/thr_1e-2/data_5/jax_5,MATCH
3_data_25000,1e-3,data_1,1,-2344671.0,-2344670.99034214,-0.009657859802246094,../1_solve/solution/3_data_25000/thr_1e-3/data_1/jax_1,MATCH
3_data_25000,1e-3,data_1,2,-2346987.0,-2346986.9904561043,-0.009543895721435547,../1_solve/solution/3_data_25000/thr_1e-3/data_1/jax_2,MATCH
3_data_25000,1e-3,data_1,3,-2347793.5,-2347793.465617895,-0.03438210487365723,../1_solve/solution/3_data_25000/thr_1e-3/data_1/jax_3,MATCH
3_data_25000,1e-3,data_1,4,-2348545.25,-2348545.302726984,0.05272698402404785,../1_solve/solution/3_data_25000/thr_1e-3/data_1/jax_4,MATCH
3_data_25000,1e-3,data_1,5,-2344910.0,-2344909.723672867,-0.27632713317871094,../1_solve/solution/3_data_25000/thr_1e-3/data_1/jax_5,MATCH
3_data_25000,1e-3,data_2,1,-2309415.0,-2309414.8408162594,-0.15918374061584473,../1_solve/solution/3_data_25000/thr_1e-3/data_2/jax_1,MATCH
3_data_25000,1e-3,data_2,2,-2312721.25,-2312721.385863185,0.13586318492889404,../1_solve/solution/3_data_25000/thr_1e-3/data_2/jax_2,MATCH
3_data_25000,1e-3,data_2,3,-2313897.75,-2313897.845810771,0.09581077098846436,../1_solve/solution/3_data_25000/thr_1e-3/data_2/jax_3,MATCH
3_data_25000,1e-3,data_2,4,-2316093.75,-2316093.7597379684,0.009737968444824219,../1_solve/solution/3_data_25000/thr_1e-3/data_2/jax_4,MATCH
3_data_25000,1e-3,data_2,5,-2314418.5,-2314418.69231987,0.1923198699951172,../1_solve/solution/3_data_25000/thr_1e-3/data_2/jax_5,MATCH
3_data_25000,1e-3,data_3,1,-2343672.0,-2343671.966553211,-0.0334467887878418,../1_solve/solution/3_data_25000/thr_1e-3/data_3/jax_1,MATCH
3_data_25000,1e-3,data_3,2,-2347625.0,-2347624.9121563435,-0.08784365653991699,../1_solve/solution/3_data_25000/thr_1e-3/data_3/jax_2,MATCH
3_data_25000,1e-3,data_3,3,-2342052.75,-2342052.7325549126,-0.017445087432861328,../1_solve/solution/3_data_25000/thr_1e-3/data_3/jax_3,MATCH
3_data_25000,1e-3,data_3,4,-2349781.0,-2349781.0995773077,0.09957730770111084,../1_solve/solution/3_data_25000/thr_1e-3/data_3/jax_4,MATCH
3_data_25000,1e-3,data_3,5,-2348871.0,-2348870.9323602915,-0.06763970851898193,../1_solve/solution/3_data_25000/thr_1e-3/data_3/jax_5,MATCH
3_data_25000,1e-3,data_4,1,-2348454.5,-2348454.485962391,-0.014037609100341797,../1_solve/solution/3_data_25000/thr_1e-3/data_4/jax_1,MATCH
3_data_25000,1e-3,data_4,2,-2348250.5,-2348250.5481871367,0.04818713665008545,../1_solve/solution/3_data_25000/thr_1e-3/data_4/jax_2,MATCH
3_data_25000,1e-3,data_4,3,-2348446.75,-2348446.7088387012,-0.041161298751831055,../1_solve/solution/3_data_25000/thr_1e-3/data_4/jax_3,MATCH
3_data_25000,1e-3,data_4,4,-2346055.0,-2346054.989418626,-0.010581374168395996,../1_solve/solution/3_data_25000/thr_1e-3/data_4/jax_4,MATCH
3_data_25000,1e-3,data_4,5,-2348477.5,-2348477.383669734,-0.11633026599884033,../1_solve/solution/3_data_25000/thr_1e-3/data_4/jax_5,MATCH
3_data_25000,1e-3,data_5,1,-2353392.0,-2353392.0120830536,0.012083053588867188,../1_solve/solution/3_data_25000/thr_1e-3/data_5/jax_1,MATCH
3_data_25000,1e-3,data_5,2,-2353943.5,-2353943.6543837786,0.15438377857208252,../1_solve/solution/3_data_25000/thr_1e-3/data_5/jax_2,MATCH
3_data_25000,1e-3,data_5,3,-2354545.5,-2354545.642932415,0.14293241500854492,../1_solve/solution/3_data_25000/thr_1e-3/data_5/jax_3,MATCH
3_data_25000,1e-3,data_5,4,-2353238.25,-2353238.100496292,-0.1495037078857422,../1_solve/solution/3_data_25000/thr_1e-3/data_5/jax_4,MATCH
3_data_25000,1e-3,data_5,5,-2351142.25,-2351142.244528413,-0.005471587181091309,../1_solve/solution/3_data_25000/thr_1e-3/data_5/jax_5,MATCH
3_data_25000,1e-4,data_1,1,-2372305.5,-2372305.4192484617,-0.08075153827667236,../1_solve/solution/3_data_25000/thr_1e-4/data_1/jax_1,MATCH
3_data_25000,1e-4,data_1,2,-2367726.5,-2367726.7311758995,0.23117589950561523,../1_solve/solution/3_data_25000/thr_1e-4/data_1/jax_2,MATCH
3_data_25000,1e-4,data_1,3,-2371468.5,-2371468.3508330584,-0.14916694164276123,../1_solve/solution/3_data_25000/thr_1e-4/data_1/jax_3,MATCH
3_data_25000,1e-4,data_1,4,-2370517.0,-2370516.986131668,-0.013868331909179688,../1_solve/solution/3_data_25000/thr_1e-4/data_1/jax_4,MATCH
3_data_25000,1e-4,data_1,5,-2369372.0,-2369372.085605383,0.08560538291931152,../1_solve/solution/3_data_25000/thr_1e-4/data_1/jax_5,MATCH
3_data_25000,1e-4,data_2,1,-2338718.5,-2338718.5306937695,0.030693769454956055,../1_solve/solution/3_data_25000/thr_1e-4/data_2/jax_1,MATCH
3_data_25000,1e-4,data_2,2,-2343587.5,-2343587.4346928596,-0.0653071403503418,../1_solve/solution/3_data_25000/thr_1e-4/data_2/jax_2,MATCH
3_data_25000,1e-4,data_2,3,-2339784.75,-2339784.9207532406,0.17075324058532715,../1_solve/solution/3_data_25000/thr_1e-4/data_2/jax_3,MATCH
3_data_25000,1e-4,data_2,4,-2342365.75,-2342365.931235552,0.18123555183410645,../1_solve/solution/3_data_25000/thr_1e-4/data_2/jax_4,MATCH
3_data_25000,1e-4,data_2,5,-2341802.0,-2341802.1921629906,0.19216299057006836,../1_solve/solution/3_data_25000/thr_1e-4/data_2/jax_5,MATCH
3_data_25000,1e-4,data_3,1,-2374742.0,-2374742.063452363,0.06345236301422119,../1_solve/solution/3_data_25000/thr_1e-4/data_3/jax_1,MATCH
3_data_25000,1e-4,data_3,2,-2375928.0,-2375928.049431205,0.0494312047958374,../1_solve/solution/3_data_25000/thr_1e-4/data_3/jax_2,MATCH
3_data_25000,1e-4,data_3,3,-2375395.75,-2375395.710080266,-0.03991973400115967,../1_solve/solution/3_data_25000/thr_1e-4/data_3/jax_3,MATCH
3_data_25000,1e-4,data_3,4,-2375861.5,-2375861.6389012337,0.1389012336730957,../1_solve/solution/3_data_25000/thr_1e-4/data_3/jax_4,MATCH
3_data_25000,1e-4,data_3,5,-2370710.0,-2370710.0558918715,0.05589187145233154,../1_solve/solution/3_data_25000/thr_1e-4/data_3/jax_5,MATCH
3_data_25000,1e-4,data_4,1,-2374281.5,-2374281.457908511,-0.0420914888381958,../1_solve/solution/3_data_25000/thr_1e-4/data_4/jax_1,MATCH
3_data_25000,1e-4,data_4,2,-2371618.0,-2371617.992200017,-0.007799983024597168,../1_solve/solution/3_data_25000/thr_1e-4/data_4/jax_2,MATCH
3_data_25000,1e-4,data_4,3,-2377101.25,-2377101.2641456127,0.014145612716674805,../1_solve/solution/3_data_25000/thr_1e-4/data_4/jax_3,MATCH
3_data_25000,1e-4,data_4,4,-2372952.0,-2372952.0130349398,0.013034939765930176,../1_solve/solution/3_data_25000/thr_1e-4/data_4/jax_4,MATCH
3_data_25000,1e-4,data_4,5,-2378781.75,-2378781.6139820814,-0.13601791858673096,../1_solve/solution/3_data_25000/thr_1e-4/data_4/jax_5,MATCH
3_data_25000,1e-4,data_5,1,-2383601.0,-2383601.201833844,0.2018338441848755,../1_solve/solution/3_data_25000/thr_1e-4/data_5/jax_1,MATCH
3_data_25000,1e-4,data_5,2,-2382817.75,-2382817.7866209745,0.03662097454071045,../1_solve/solution/3_data_25000/thr_1e-4/data_5/jax_2,MATCH
3_data_25000,1e-4,data_5,3,-2382663.0,-2382663.01304245,0.013042449951171875,../1_solve/solution/3_data_25000/thr_1e-4/data_5/jax_3,MATCH
3_data_25000,1e-4,data_5,4,-2384401.75,-2384401.679270029,-0.07072997093200684,../1_solve/solution/3_data_25000/thr_1e-4/data_5/jax_4,MATCH
3_data_25000,1e-4,data_5,5,-2382418.75,-2382418.7390550375,-0.010944962501525879,../1_solve/solution/3_data_25000/thr_1e-4/data_5/jax_5,MATCH
3_data_25000,1e-5,data_1,1,-2378779.5,-2378779.3774927855,-0.12250721454620361,../1_solve/solution/3_data_25000/thr_1e-5/data_1/jax_1,MATCH
3_data_25000,1e-5,data_1,2,-2381098.5,-2381098.4224772453,-0.07752275466918945,../1_solve/solution/3_data_25000/thr_1e-5/data_1/jax_2,MATCH
3_data_25000,1e-5,data_1,3,-2380449.5,-2380449.365230322,-0.13476967811584473,../1_solve/solution/3_data_25000/thr_1e-5/data_1/jax_3,MATCH
3_data_25000,1e-5,data_1,4,-2386079.75,-2386079.877880931,0.12788093090057373,../1_solve/solution/3_data_25000/thr_1e-5/data_1/jax_4,MATCH
3_data_25000,1e-5,data_1,5,-2382830.5,-2382830.2913839817,-0.20861601829528809,../1_solve/solution/3_data_25000/thr_1e-5/data_1/jax_5,MATCH
3_data_25000,1e-5,data_2,1,-2354910.5,-2354910.7620151043,0.26201510429382324,../1_solve/solution/3_data_25000/thr_1e-5/data_2/jax_1,MATCH
3_data_25000,1e-5,data_2,2,-2353649.25,-2353649.2971223593,0.04712235927581787,../1_solve/solution/3_data_25000/thr_1e-5/data_2/jax_2,MATCH
3_data_25000,1e-5,data_2,3,-2351898.25,-2351898.3930163383,0.14301633834838867,../1_solve/solution/3_data_25000/thr_1e-5/data_2/jax_3,MATCH
3_data_25000,1e-5,data_2,4,-2352403.0,-2352403.2433558702,0.2433558702468872,../1_solve/solution/3_data_25000/thr_1e-5/data_2/jax_4,MATCH
3_data_25000,1e-5,data_2,5,-2352884.0,-2352883.940708995,-0.05929100513458252,../1_solve/solution/3_data_25000/thr_1e-5/data_2/jax_5,MATCH
3_data_25000,1e-5,data_3,1,-2387013.5,-2387013.5342177153,0.0342177152633667,../1_solve/solution/3_data_25000/thr_1e-5/data_3/jax_1,MATCH
3_data_25000,1e-5,data_3,2,-2387929.0,-2387929.106824279,0.10682427883148193,../1_solve/solution/3_data_25000/thr_1e-5/data_3/jax_2,MATCH
3_data_25000,1e-5,data_3,3,-2385554.75,-2385554.9023132324,0.152313232421875,../1_solve/solution/3_data_25000/thr_1e-5/data_3/jax_3,MATCH
3_data_25000,1e-5,data_3,4,-2389059.5,-2389059.416893959,-0.08310604095458984,../1_solve/solution/3_data_25000/thr_1e-5/data_3/jax_4,MATCH
3_data_25000,1e-5,data_3,5,-2384078.0,-2384077.9838131666,-0.016186833381652832,../1_solve/solution/3_data_25000/thr_1e-5/data_3/jax_5,MATCH
3_data_25000,1e-5,data_4,1,-2385396.5,-2385396.5721725225,0.07217252254486084,../1_solve/solution/3_data_25000/thr_1e-5/data_4/jax_1,MATCH
3_data_25000,1e-5,data_4,2,-2387386.0,-2387386.1053009033,0.1053009033203125,../1_solve/solution/3_data_25000/thr_1e-5/data_4/jax_2,MATCH
3_data_25000,1e-5,data_4,3,-2389188.5,-2389188.460793376,-0.039206624031066895,../1_solve/solution/3_data_25000/thr_1e-5/data_4/jax_3,MATCH
3_data_25000,1e-5,data_4,4,-2388224.25,-2388224.348225832,0.09822583198547363,../1_solve/solution/3_data_25000/thr_1e-5/data_4/jax_4,MATCH
3_data_25000,1e-5,data_4,5,-2388757.75,-2388757.8583995104,0.10839951038360596,../1_solve/solution/3_data_25000/thr_1e-5/data_4/jax_5,MATCH
3_data_25000,1e-5,data_5,1,-2394811.75,-2394811.7423050404,-0.00769495964050293,../1_solve/solution/3_data_25000/thr_1e-5/data_5/jax_1,MATCH
3_data_25000,1e-5,data_5,2,-2391001.25,-2391001.31144464,0.061444640159606934,../1_solve/solution/3_data_25000/thr_1e-5/data_5/jax_2,MATCH
3_data_25000,1e-5,data_5,3,-2396315.5,-2396315.3341012,-0.16589879989624023,../1_solve/solution/3_data_25000/thr_1e-5/data_5/jax_3,MATCH
3_data_25000,1e-5,data_5,4,-2393858.0,-2393857.845550537,-0.154449462890625,../1_solve/solution/3_data_25000/thr_1e-5/data_5/jax_4,MATCH
3_data_25000,1e-5,data_5,5,-2395503.0,-2395502.789961815,-0.2100381851196289,../1_solve/solution/3_data_25000/thr_1e-5/data_5/jax_5,MATCH
3_data_25000,1e-6,data_1,1,-2388068.5,-2388068.583966255,0.08396625518798828,../1_solve/solution/3_data_25000/thr_1e-6/data_1/jax_1,MATCH
3_data_25000,1e-6,data_1,2,-2389747.5,-2389747.4100544453,-0.08994555473327637,../1_solve/solution/3_data_25000/thr_1e-6/data_1/jax_2,MATCH
3_data_25000,1e-6,data_1,3,-2387206.5,-2387206.582879901,0.08287990093231201,../1_solve/solution/3_data_25000/thr_1e-6/data_1/jax_3,MATCH
3_data_25000,1e-6,data_1,4,-2387406.0,-2387406.140045166,0.140045166015625,../1_solve/solution/3_data_25000/thr_1e-6/data_1/jax_4,MATCH
3_data_25000,1e-6,data_1,5,-2387688.5,-2387688.4223513603,-0.07764863967895508,../1_solve/solution/3_data_25000/thr_1e-6/data_1/jax_5,MATCH
3_data_25000,1e-6,data_2,1,-2358343.5,-2358343.57014513,0.0701451301574707,../1_solve/solution/3_data_25000/thr_1e-6/data_2/jax_1,MATCH
3_data_25000,1e-6,data_2,2,-2359270.25,-2359270.319310069,0.06931006908416748,../1_solve/solution/3_data_25000/thr_1e-6/data_2/jax_2,MATCH
3_data_25000,1e-6,data_2,3,-2355738.5,-2355738.558920026,0.05892002582550049,../1_solve/solution/3_data_25000/thr_1e-6/data_2/jax_3,MATCH
3_data_25000,1e-6,data_2,4,-2356789.5,-2356789.748834014,0.2488340139389038,../1_solve/solution/3_data_25000/thr_1e-6/data_2/jax_4,MATCH
3_data_25000,1e-6,data_2,5,-2357809.5,-2357809.565451741,0.0654517412185669,../1_solve/solution/3_data_25000/thr_1e-6/data_2/jax_5,MATCH
3_data_25000,1e-6,data_3,1,-2387246.0,-2387246.150648117,0.1506481170654297,../1_solve/solution/3_data_25000/thr_1e-6/data_3/jax_1,MATCH
3_data_25000,1e-6,data_3,2,-2394416.5,-2394416.2055045366,-0.29449546337127686,../1_solve/solution/3_data_25000/thr_1e-6/data_3/jax_2,MATCH
3_data_25000,1e-6,data_3,3,-2393275.25,-2393275.231025934,-0.01897406578063965,../1_solve/solution/3_data_25000/thr_1e-6/data_3/jax_3,MATCH
3_data_25000,1e-6,data_3,4,-2395573.5,-2395573.4579206705,-0.04207932949066162,../1_solve/solution/3_data_25000/thr_1e-6/data_3/jax_4,MATCH
3_data_25000,1e-6,data_3,5,-2389689.75,-2389689.6776106358,-0.07238936424255371,../1_solve/solution/3_data_25000/thr_1e-6/data_3/jax_5,MATCH
3_data_25000,1e-6,data_4,1,-2393387.75,-2393387.8618656397,0.11186563968658447,../1_solve/solution/3_data_25000/thr_1e-6/data_4/jax_1,MATCH
3_data_25000,1e-6,data_4,2,-2393427.75,-2393427.938996196,0.18899619579315186,../1_solve/solution/3_data_25000/thr_1e-6/data_4/jax_2,MATCH
3_data_25000,1e-6,data_4,3,-2394326.75,-2394326.7541657686,0.004165768623352051,../1_solve/solution/3_data_25000/thr_1e-6/data_4/jax_3,MATCH
3_data_25000,1e-6,data_4,4,-2389796.5,-2389796.4840910435,-0.01590895652770996,../1_solve/solution/3_data_25000/thr_1e-6/data_4/jax_4,MATCH
3_data_25000,1e-6,data_4,5,-2391783.0,-2391782.971858263,-0.02814173698425293,../1_solve/solution/3_data_25000/thr_1e-6/data_4/jax_5,MATCH
3_data_25000,1e-6,data_5,1,-2400908.75,-2400908.76942873,0.019428730010986328,../1_solve/solution/3_data_25000/thr_1e-6/data_5/jax_1,MATCH
3_data_25000,1e-6,data_5,2,-2400828.5,-2400828.374585867,-0.12541413307189941,../1_solve/solution/3_data_25000/thr_1e-6/data_5/jax_2,MATCH
3_data_25000,1e-6,data_5,3,-2397861.75,-2397861.7871153355,0.03711533546447754,../1_solve/solution/3_data_25000/thr_1e-6/data_5/jax_3,MATCH
3_data_25000,1e-6,data_5,4,-2397372.0,-2397372.116988778,0.11698877811431885,../1_solve/solution/3_data_25000/thr_1e-6/data_5/jax_4,MATCH
3_data_25000,1e-6,data_5,5,-2397461.0,-2397461.1027754545,0.1027754545211792,../1_solve/solution/3_data_25000/thr_1e-6/data_5/jax_5,MATCH
