data_folder,threshold,data_id,seed,pytorch_verified_energy,scipy_reported_energy,energy_difference,scipy_result_file,status
1_data_1000,1e-1,data_1,1,-18582.48011136055,-18582.48011136055,0.0,../1_solve/solution/1_data_1000/thr_1e-1/data_1/scipy_1,MATCH
1_data_1000,1e-1,data_1,2,-18149.65126502514,-18149.65126502514,0.0,../1_solve/solution/1_data_1000/thr_1e-1/data_1/scipy_2,MATCH
1_data_1000,1e-1,data_1,3,-18369.444033145905,-18369.444033145905,0.0,../1_solve/solution/1_data_1000/thr_1e-1/data_1/scipy_3,MATCH
1_data_1000,1e-1,data_1,4,-18556.663835287094,-18556.663835287094,0.0,../1_solve/solution/1_data_1000/thr_1e-1/data_1/scipy_4,MATCH
1_data_1000,1e-1,data_1,5,-18455.90492582321,-18455.90492582321,0.0,../1_solve/solution/1_data_1000/thr_1e-1/data_1/scipy_5,MATCH
1_data_1000,1e-1,data_2,1,-17237.4521266222,-17237.4521266222,0.0,../1_solve/solution/1_data_1000/thr_1e-1/data_2/scipy_1,MATCH
1_data_1000,1e-1,data_2,2,-17293.07322394848,-17293.07322394848,0.0,../1_solve/solution/1_data_1000/thr_1e-1/data_2/scipy_2,MATCH
1_data_1000,1e-1,data_2,3,-17500.719636917114,-17500.719636917114,0.0,../1_solve/solution/1_data_1000/thr_1e-1/data_2/scipy_3,MATCH
1_data_1000,1e-1,data_2,4,-17118.253832101822,-17118.253832101822,0.0,../1_solve/solution/1_data_1000/thr_1e-1/data_2/scipy_4,MATCH
1_data_1000,1e-1,data_2,5,-17200.08602976799,-17200.08602976799,0.0,../1_solve/solution/1_data_1000/thr_1e-1/data_2/scipy_5,MATCH
1_data_1000,1e-1,data_3,1,-18033.3569586277,-18033.3569586277,0.0,../1_solve/solution/1_data_1000/thr_1e-1/data_3/scipy_1,MATCH
1_data_1000,1e-1,data_3,2,-18135.518728733063,-18135.518728733063,0.0,../1_solve/solution/1_data_1000/thr_1e-1/data_3/scipy_2,MATCH
1_data_1000,1e-1,data_3,3,-17997.30565404892,-17997.30565404892,0.0,../1_solve/solution/1_data_1000/thr_1e-1/data_3/scipy_3,MATCH
1_data_1000,1e-1,data_3,4,-17992.389932394028,-17992.389932394028,0.0,../1_solve/solution/1_data_1000/thr_1e-1/data_3/scipy_4,MATCH
1_data_1000,1e-1,data_3,5,-17871.0916005373,-17871.0916005373,0.0,../1_solve/solution/1_data_1000/thr_1e-1/data_3/scipy_5,MATCH
1_data_1000,1e-1,data_4,1,-18867.314002633095,-18867.314002633095,0.0,../1_solve/solution/1_data_1000/thr_1e-1/data_4/scipy_1,MATCH
1_data_1000,1e-1,data_4,2,-19305.256499528885,-19305.256499528885,0.0,../1_solve/solution/1_data_1000/thr_1e-1/data_4/scipy_2,MATCH
1_data_1000,1e-1,data_4,3,-19632.269797563553,-19632.269797563553,0.0,../1_solve/solution/1_data_1000/thr_1e-1/data_4/scipy_3,MATCH
1_data_1000,1e-1,data_4,4,-19276.132803320885,-19276.132803320885,0.0,../1_solve/solution/1_data_1000/thr_1e-1/data_4/scipy_4,MATCH
1_data_1000,1e-1,data_4,5,-19466.059230327606,-19466.059230327606,0.0,../1_solve/solution/1_data_1000/thr_1e-1/data_4/scipy_5,MATCH
1_data_1000,1e-1,data_5,1,-17420.269712090492,-17420.269712090492,0.0,../1_solve/solution/1_data_1000/thr_1e-1/data_5/scipy_1,MATCH
1_data_1000,1e-1,data_5,2,-17443.588747620583,-17443.588747620583,0.0,../1_solve/solution/1_data_1000/thr_1e-1/data_5/scipy_2,MATCH
1_data_1000,1e-1,data_5,3,-17228.39266562462,-17228.39266562462,0.0,../1_solve/solution/1_data_1000/thr_1e-1/data_5/scipy_3,MATCH
1_data_1000,1e-1,data_5,4,-17474.060241937637,-17474.060241937637,0.0,../1_solve/solution/1_data_1000/thr_1e-1/data_5/scipy_4,MATCH
1_data_1000,1e-1,data_5,5,-17515.458550095558,-17515.458550095558,0.0,../1_solve/solution/1_data_1000/thr_1e-1/data_5/scipy_5,MATCH
1_data_1000,1e-2,data_1,1,-19113.083055853844,-19113.083055853844,0.0,../1_solve/solution/1_data_1000/thr_1e-2/data_1/scipy_1,MATCH
1_data_1000,1e-2,data_1,2,-19040.74719798565,-19040.74719798565,0.0,../1_solve/solution/1_data_1000/thr_1e-2/data_1/scipy_2,MATCH
1_data_1000,1e-2,data_1,3,-18974.61601436138,-18974.61601436138,0.0,../1_solve/solution/1_data_1000/thr_1e-2/data_1/scipy_3,MATCH
1_data_1000,1e-2,data_1,4,-19180.58661711216,-19180.58661711216,0.0,../1_solve/solution/1_data_1000/thr_1e-2/data_1/scipy_4,MATCH
1_data_1000,1e-2,data_1,5,-19010.27044248581,-19010.27044248581,0.0,../1_solve/solution/1_data_1000/thr_1e-2/data_1/scipy_5,MATCH
1_data_1000,1e-2,data_2,1,-18103.114207148552,-18103.114207148552,0.0,../1_solve/solution/1_data_1000/thr_1e-2/data_2/scipy_1,MATCH
1_data_1000,1e-2,data_2,2,-18295.457376003265,-18295.457376003265,0.0,../1_solve/solution/1_data_1000/thr_1e-2/data_2/scipy_2,MATCH
1_data_1000,1e-2,data_2,3,-18037.13044297695,-18037.13044297695,0.0,../1_solve/solution/1_data_1000/thr_1e-2/data_2/scipy_3,MATCH
1_data_1000,1e-2,data_2,4,-18048.892248630524,-18048.892248630524,0.0,../1_solve/solution/1_data_1000/thr_1e-2/data_2/scipy_4,MATCH
1_data_1000,1e-2,data_2,5,-18278.410131692886,-18278.410131692886,0.0,../1_solve/solution/1_data_1000/thr_1e-2/data_2/scipy_5,MATCH
1_data_1000,1e-2,data_3,1,-18788.67951607704,-18788.67951607704,0.0,../1_solve/solution/1_data_1000/thr_1e-2/data_3/scipy_1,MATCH
1_data_1000,1e-2,data_3,2,-18822.38015317917,-18822.38015317917,0.0,../1_solve/solution/1_data_1000/thr_1e-2/data_3/scipy_2,MATCH
1_data_1000,1e-2,data_3,3,-18862.063276410103,-18862.063276410103,0.0,../1_solve/solution/1_data_1000/thr_1e-2/data_3/scipy_3,MATCH
1_data_1000,1e-2,data_3,4,-18791.13338136673,-18791.13338136673,0.0,../1_solve/solution/1_data_1000/thr_1e-2/data_3/scipy_4,MATCH
1_data_1000,1e-2,data_3,5,-18750.801844120026,-18750.801844120026,0.0,../1_solve/solution/1_data_1000/thr_1e-2/data_3/scipy_5,MATCH
1_data_1000,1e-2,data_4,1,-20187.615450143814,-20187.615450143814,0.0,../1_solve/solution/1_data_1000/thr_1e-2/data_4/scipy_1,MATCH
1_data_1000,1e-2,data_4,2,-20126.710455298424,-20126.710455298424,0.0,../1_solve/solution/1_data_1000/thr_1e-2/data_4/scipy_2,MATCH
1_data_1000,1e-2,data_4,3,-20122.80227136612,-20122.80227136612,0.0,../1_solve/solution/1_data_1000/thr_1e-2/data_4/scipy_3,MATCH
1_data_1000,1e-2,data_4,4,-20149.580699920654,-20149.580699920654,0.0,../1_solve/solution/1_data_1000/thr_1e-2/data_4/scipy_4,MATCH
1_data_1000,1e-2,data_4,5,-20098.648673772812,-20098.648673772812,0.0,../1_solve/solution/1_data_1000/thr_1e-2/data_4/scipy_5,MATCH
1_data_1000,1e-2,data_5,1,-18119.677458524704,-18119.677458524704,0.0,../1_solve/solution/1_data_1000/thr_1e-2/data_5/scipy_1,MATCH
1_data_1000,1e-2,data_5,2,-18094.11276602745,-18094.11276602745,0.0,../1_solve/solution/1_data_1000/thr_1e-2/data_5/scipy_2,MATCH
1_data_1000,1e-2,data_5,3,-17947.310490369797,-17947.310490369797,0.0,../1_solve/solution/1_data_1000/thr_1e-2/data_5/scipy_3,MATCH
1_data_1000,1e-2,data_5,4,-18058.28833270073,-18058.28833270073,0.0,../1_solve/solution/1_data_1000/thr_1e-2/data_5/scipy_4,MATCH
1_data_1000,1e-2,data_5,5,-18195.79526937008,-18195.79526937008,0.0,../1_solve/solution/1_data_1000/thr_1e-2/data_5/scipy_5,MATCH
1_data_1000,1e-3,data_1,1,-19381.086560368538,-19381.086560368538,0.0,../1_solve/solution/1_data_1000/thr_1e-3/data_1/scipy_1,MATCH
1_data_1000,1e-3,data_1,2,-19441.567243933678,-19441.567243933678,0.0,../1_solve/solution/1_data_1000/thr_1e-3/data_1/scipy_2,MATCH
1_data_1000,1e-3,data_1,3,-19297.678192973137,-19297.678192973137,0.0,../1_solve/solution/1_data_1000/thr_1e-3/data_1/scipy_3,MATCH
1_data_1000,1e-3,data_1,4,-19644.233243465424,-19644.233243465424,0.0,../1_solve/solution/1_data_1000/thr_1e-3/data_1/scipy_4,MATCH
1_data_1000,1e-3,data_1,5,-19355.399300336838,-19355.399300336838,0.0,../1_solve/solution/1_data_1000/thr_1e-3/data_1/scipy_5,MATCH
1_data_1000,1e-3,data_2,1,-18674.54789674282,-18674.54789674282,0.0,../1_solve/solution/1_data_1000/thr_1e-3/data_2/scipy_1,MATCH
1_data_1000,1e-3,data_2,2,-18792.776990532875,-18792.776990532875,0.0,../1_solve/solution/1_data_1000/thr_1e-3/data_2/scipy_2,MATCH
1_data_1000,1e-3,data_2,3,-18721.81372129917,-18721.81372129917,0.0,../1_solve/solution/1_data_1000/thr_1e-3/data_2/scipy_3,MATCH
1_data_1000,1e-3,data_2,4,-18777.375284194946,-18777.375284194946,0.0,../1_solve/solution/1_data_1000/thr_1e-3/data_2/scipy_4,MATCH
1_data_1000,1e-3,data_2,5,-18773.534327745438,-18773.534327745438,0.0,../1_solve/solution/1_data_1000/thr_1e-3/data_2/scipy_5,MATCH
1_data_1000,1e-3,data_3,1,-19272.84698855877,-19272.84698855877,0.0,../1_solve/solution/1_data_1000/thr_1e-3/data_3/scipy_1,MATCH
1_data_1000,1e-3,data_3,2,-19120.021245718002,-19120.021245718002,0.0,../1_solve/solution/1_data_1000/thr_1e-3/data_3/scipy_2,MATCH
1_data_1000,1e-3,data_3,3,-19245.80390071869,-19245.80390071869,0.0,../1_solve/solution/1_data_1000/thr_1e-3/data_3/scipy_3,MATCH
1_data_1000,1e-3,data_3,4,-19184.41143465042,-19184.41143465042,0.0,../1_solve/solution/1_data_1000/thr_1e-3/data_3/scipy_4,MATCH
1_data_1000,1e-3,data_3,5,-19366.73359453678,-19366.73359453678,0.0,../1_solve/solution/1_data_1000/thr_1e-3/data_3/scipy_5,MATCH
1_data_1000,1e-3,data_4,1,-20468.54609823227,-20468.54609823227,0.0,../1_solve/solution/1_data_1000/thr_1e-3/data_4/scipy_1,MATCH
1_data_1000,1e-3,data_4,2,-20536.346043229103,-20536.346043229103,0.0,../1_solve/solution/1_data_1000/thr_1e-3/data_4/scipy_2,MATCH
1_data_1000,1e-3,data_4,3,-20521.66864514351,-20521.66864514351,0.0,../1_solve/solution/1_data_1000/thr_1e-3/data_4/scipy_3,MATCH
1_data_1000,1e-3,data_4,4,-20487.03402376175,-20487.03402376175,0.0,../1_solve/solution/1_data_1000/thr_1e-3/data_4/scipy_4,MATCH
1_data_1000,1e-3,data_4,5,-20575.983937740326,-20575.983937740326,0.0,../1_solve/solution/1_data_1000/thr_1e-3/data_4/scipy_5,MATCH
1_data_1000,1e-3,data_5,1,-18547.74349796772,-18547.74349796772,0.0,../1_solve/solution/1_data_1000/thr_1e-3/data_5/scipy_1,MATCH
1_data_1000,1e-3,data_5,2,-18587.96674156189,-18587.96674156189,0.0,../1_solve/solution/1_data_1000/thr_1e-3/data_5/scipy_2,MATCH
1_data_1000,1e-3,data_5,3,-18417.866474747658,-18417.866474747658,0.0,../1_solve/solution/1_data_1000/thr_1e-3/data_5/scipy_3,MATCH
1_data_1000,1e-3,data_5,4,-18469.38977098465,-18469.38977098465,0.0,../1_solve/solution/1_data_1000/thr_1e-3/data_5/scipy_4,MATCH
1_data_1000,1e-3,data_5,5,-18514.5473331213,-18514.5473331213,0.0,../1_solve/solution/1_data_1000/thr_1e-3/data_5/scipy_5,MATCH
1_data_1000,1e-4,data_1,1,-19735.5499073267,-19735.5499073267,0.0,../1_solve/solution/1_data_1000/thr_1e-4/data_1/scipy_1,MATCH
1_data_1000,1e-4,data_1,2,-19827.22842693329,-19827.22842693329,0.0,../1_solve/solution/1_data_1000/thr_1e-4/data_1/scipy_2,MATCH
1_data_1000,1e-4,data_1,3,-19679.40308368206,-19679.40308368206,0.0,../1_solve/solution/1_data_1000/thr_1e-4/data_1/scipy_3,MATCH
1_data_1000,1e-4,data_1,4,-19755.37560403347,-19755.37560403347,0.0,../1_solve/solution/1_data_1000/thr_1e-4/data_1/scipy_4,MATCH
1_data_1000,1e-4,data_1,5,-19789.133969664574,-19789.133969664574,0.0,../1_solve/solution/1_data_1000/thr_1e-4/data_1/scipy_5,MATCH
1_data_1000,1e-4,data_2,1,-18726.830650925636,-18726.830650925636,0.0,../1_solve/solution/1_data_1000/thr_1e-4/data_2/scipy_1,MATCH
1_data_1000,1e-4,data_2,2,-18891.310643434525,-18891.310643434525,0.0,../1_solve/solution/1_data_1000/thr_1e-4/data_2/scipy_2,MATCH
1_data_1000,1e-4,data_2,3,-19104.806344032288,-19104.806344032288,0.0,../1_solve/solution/1_data_1000/thr_1e-4/data_2/scipy_3,MATCH
1_data_1000,1e-4,data_2,4,-18943.41111600399,-18943.41111600399,0.0,../1_solve/solution/1_data_1000/thr_1e-4/data_2/scipy_4,MATCH
1_data_1000,1e-4,data_2,5,-18922.171598911285,-18922.171598911285,0.0,../1_solve/solution/1_data_1000/thr_1e-4/data_2/scipy_5,MATCH
1_data_1000,1e-4,data_3,1,-19442.224341630936,-19442.224341630936,0.0,../1_solve/solution/1_data_1000/thr_1e-4/data_3/scipy_1,MATCH
1_data_1000,1e-4,data_3,2,-19441.802532434464,-19441.802532434464,0.0,../1_solve/solution/1_data_1000/thr_1e-4/data_3/scipy_2,MATCH
1_data_1000,1e-4,data_3,3,-19399.51096534729,-19399.51096534729,0.0,../1_solve/solution/1_data_1000/thr_1e-4/data_3/scipy_3,MATCH
1_data_1000,1e-4,data_3,4,-19494.02014017105,-19494.02014017105,0.0,../1_solve/solution/1_data_1000/thr_1e-4/data_3/scipy_4,MATCH
1_data_1000,1e-4,data_3,5,-19561.38100862503,-19561.38100862503,0.0,../1_solve/solution/1_data_1000/thr_1e-4/data_3/scipy_5,MATCH
1_data_1000,1e-4,data_4,1,-20598.576995372772,-20598.576995372772,0.0,../1_solve/solution/1_data_1000/thr_1e-4/data_4/scipy_1,MATCH
1_data_1000,1e-4,data_4,2,-20725.16413795948,-20725.16413795948,0.0,../1_solve/solution/1_data_1000/thr_1e-4/data_4/scipy_2,MATCH
1_data_1000,1e-4,data_4,3,-20711.010538816452,-20711.010538816452,0.0,../1_solve/solution/1_data_1000/thr_1e-4/data_4/scipy_3,MATCH
1_data_1000,1e-4,data_4,4,-20639.20989704132,-20639.20989704132,0.0,../1_solve/solution/1_data_1000/thr_1e-4/data_4/scipy_4,MATCH
1_data_1000,1e-4,data_4,5,-20699.59771168232,-20699.59771168232,0.0,../1_solve/solution/1_data_1000/thr_1e-4/data_4/scipy_5,MATCH
1_data_1000,1e-4,data_5,1,-18680.78689467907,-18680.78689467907,0.0,../1_solve/solution/1_data_1000/thr_1e-4/data_5/scipy_1,MATCH
1_data_1000,1e-4,data_5,2,-18772.61801826954,-18772.61801826954,0.0,../1_solve/solution/1_data_1000/thr_1e-4/data_5/scipy_2,MATCH
1_data_1000,1e-4,data_5,3,-18869.549912571907,-18869.549912571907,0.0,../1_solve/solution/1_data_1000/thr_1e-4/data_5/scipy_3,MATCH
1_data_1000,1e-4,data_5,4,-18701.28827369213,-18701.28827369213,0.0,../1_solve/solution/1_data_1000/thr_1e-4/data_5/scipy_4,MATCH
1_data_1000,1e-4,data_5,5,-18724.321975708008,-18724.321975708008,0.0,../1_solve/solution/1_data_1000/thr_1e-4/data_5/scipy_5,MATCH
1_data_1000,1e-5,data_1,1,-19803.783564805984,-19803.783564805984,0.0,../1_solve/solution/1_data_1000/thr_1e-5/data_1/scipy_1,MATCH
1_data_1000,1e-5,data_1,2,-19877.72276186943,-19877.72276186943,0.0,../1_solve/solution/1_data_1000/thr_1e-5/data_1/scipy_2,MATCH
1_data_1000,1e-5,data_1,3,-19691.90519452095,-19691.90519452095,0.0,../1_solve/solution/1_data_1000/thr_1e-5/data_1/scipy_3,MATCH
1_data_1000,1e-5,data_1,4,-19768.459983468056,-19768.459983468056,0.0,../1_solve/solution/1_data_1000/thr_1e-5/data_1/scipy_4,MATCH
1_data_1000,1e-5,data_1,5,-19837.325464487076,-19837.325464487076,0.0,../1_solve/solution/1_data_1000/thr_1e-5/data_1/scipy_5,MATCH
1_data_1000,1e-5,data_2,1,-19010.922568559647,-19010.922568559647,0.0,../1_solve/solution/1_data_1000/thr_1e-5/data_2/scipy_1,MATCH
1_data_1000,1e-5,data_2,2,-19197.63209760189,-19197.63209760189,0.0,../1_solve/solution/1_data_1000/thr_1e-5/data_2/scipy_2,MATCH
1_data_1000,1e-5,data_2,3,-19110.99364197254,-19110.99364197254,0.0,../1_solve/solution/1_data_1000/thr_1e-5/data_2/scipy_3,MATCH
1_data_1000,1e-5,data_2,4,-18954.2714728117,-18954.2714728117,0.0,../1_solve/solution/1_data_1000/thr_1e-5/data_2/scipy_4,MATCH
1_data_1000,1e-5,data_2,5,-18987.673773884773,-18987.673773884773,0.0,../1_solve/solution/1_data_1000/thr_1e-5/data_2/scipy_5,MATCH
1_data_1000,1e-5,data_3,1,-19539.113792657852,-19539.113792657852,0.0,../1_solve/solution/1_data_1000/thr_1e-5/data_3/scipy_1,MATCH
1_data_1000,1e-5,data_3,2,-19470.365857720375,-19470.365857720375,0.0,../1_solve/solution/1_data_1000/thr_1e-5/data_3/scipy_2,MATCH
1_data_1000,1e-5,data_3,3,-19484.453665733337,-19484.453665733337,0.0,../1_solve/solution/1_data_1000/thr_1e-5/data_3/scipy_3,MATCH
1_data_1000,1e-5,data_3,4,-19604.37414610386,-19604.37414610386,0.0,../1_solve/solution/1_data_1000/thr_1e-5/data_3/scipy_4,MATCH
1_data_1000,1e-5,data_3,5,-19561.38100862503,-19561.38100862503,0.0,../1_solve/solution/1_data_1000/thr_1e-5/data_3/scipy_5,MATCH
1_data_1000,1e-5,data_4,1,-20752.387407541275,-20752.387407541275,0.0,../1_solve/solution/1_data_1000/thr_1e-5/data_4/scipy_1,MATCH
1_data_1000,1e-5,data_4,2,-20849.834438443184,-20849.834438443184,0.0,../1_solve/solution/1_data_1000/thr_1e-5/data_4/scipy_2,MATCH
1_data_1000,1e-5,data_4,3,-20751.4014159441,-20751.4014159441,0.0,../1_solve/solution/1_data_1000/thr_1e-5/data_4/scipy_3,MATCH
1_data_1000,1e-5,data_4,4,-20719.71374499798,-20719.71374499798,0.0,../1_solve/solution/1_data_1000/thr_1e-5/data_4/scipy_4,MATCH
1_data_1000,1e-5,data_4,5,-20713.51890182495,-20713.51890182495,0.0,../1_solve/solution/1_data_1000/thr_1e-5/data_4/scipy_5,MATCH
1_data_1000,1e-5,data_5,1,-18735.462472319603,-18735.462472319603,0.0,../1_solve/solution/1_data_1000/thr_1e-5/data_5/scipy_1,MATCH
1_data_1000,1e-5,data_5,2,-18772.61801826954,-18772.61801826954,0.0,../1_solve/solution/1_data_1000/thr_1e-5/data_5/scipy_2,MATCH
1_data_1000,1e-5,data_5,3,-18866.18715441227,-18866.18715441227,0.0,../1_solve/solution/1_data_1000/thr_1e-5/data_5/scipy_3,MATCH
1_data_1000,1e-5,data_5,4,-18940.353449106216,-18940.353449106216,0.0,../1_solve/solution/1_data_1000/thr_1e-5/data_5/scipy_4,MATCH
1_data_1000,1e-5,data_5,5,-18770.37207841873,-18770.37207841873,0.0,../1_solve/solution/1_data_1000/thr_1e-5/data_5/scipy_5,MATCH
1_data_1000,1e-6,data_1,1,-19841.433321356773,-19841.433321356773,0.0,../1_solve/solution/1_data_1000/thr_1e-6/data_1/scipy_1,MATCH
1_data_1000,1e-6,data_1,2,-19950.014727711678,-19950.014727711678,0.0,../1_solve/solution/1_data_1000/thr_1e-6/data_1/scipy_2,MATCH
1_data_1000,1e-6,data_1,3,-19758.34227538109,-19758.34227538109,0.0,../1_solve/solution/1_data_1000/thr_1e-6/data_1/scipy_3,MATCH
1_data_1000,1e-6,data_1,4,-19803.982645392418,-19803.982645392418,0.0,../1_solve/solution/1_data_1000/thr_1e-6/data_1/scipy_4,MATCH
1_data_1000,1e-6,data_1,5,-19837.325464487076,-19837.325464487076,0.0,../1_solve/solution/1_data_1000/thr_1e-6/data_1/scipy_5,MATCH
1_data_1000,1e-6,data_2,1,-19154.90637946129,-19154.90637946129,0.0,../1_solve/solution/1_data_1000/thr_1e-6/data_2/scipy_1,MATCH
1_data_1000,1e-6,data_2,2,-19213.183240771294,-19213.183240771294,0.0,../1_solve/solution/1_data_1000/thr_1e-6/data_2/scipy_2,MATCH
1_data_1000,1e-6,data_2,3,-19183.752179980278,-19183.752179980278,0.0,../1_solve/solution/1_data_1000/thr_1e-6/data_2/scipy_3,MATCH
1_data_1000,1e-6,data_2,4,-19018.62156701088,-19018.62156701088,0.0,../1_solve/solution/1_data_1000/thr_1e-6/data_2/scipy_4,MATCH
1_data_1000,1e-6,data_2,5,-19051.102122068405,-19051.102122068405,0.0,../1_solve/solution/1_data_1000/thr_1e-6/data_2/scipy_5,MATCH
1_data_1000,1e-6,data_3,1,-19537.10226368904,-19537.10226368904,0.0,../1_solve/solution/1_data_1000/thr_1e-6/data_3/scipy_1,MATCH
1_data_1000,1e-6,data_3,2,-19533.67067027092,-19533.67067027092,0.0,../1_solve/solution/1_data_1000/thr_1e-6/data_3/scipy_2,MATCH
1_data_1000,1e-6,data_3,3,-19689.019280195236,-19689.019280195236,0.0,../1_solve/solution/1_data_1000/thr_1e-6/data_3/scipy_3,MATCH
1_data_1000,1e-6,data_3,4,-19604.37414610386,-19604.37414610386,0.0,../1_solve/solution/1_data_1000/thr_1e-6/data_3/scipy_4,MATCH
1_data_1000,1e-6,data_3,5,-19583.25764155388,-19583.25764155388,0.0,../1_solve/solution/1_data_1000/thr_1e-6/data_3/scipy_5,MATCH
1_data_1000,1e-6,data_4,1,-20752.387407541275,-20752.387407541275,0.0,../1_solve/solution/1_data_1000/thr_1e-6/data_4/scipy_1,MATCH
1_data_1000,1e-6,data_4,2,-20849.834438443184,-20849.834438443184,0.0,../1_solve/solution/1_data_1000/thr_1e-6/data_4/scipy_2,MATCH
1_data_1000,1e-6,data_4,3,-20777.414017796516,-20777.414017796516,0.0,../1_solve/solution/1_data_1000/thr_1e-6/data_4/scipy_3,MATCH
1_data_1000,1e-6,data_4,4,-20719.71374499798,-20719.71374499798,0.0,../1_solve/solution/1_data_1000/thr_1e-6/data_4/scipy_4,MATCH
1_data_1000,1e-6,data_4,5,-20760.35801053047,-20760.35801053047,0.0,../1_solve/solution/1_data_1000/thr_1e-6/data_4/scipy_5,MATCH
1_data_1000,1e-6,data_5,1,-18778.36580967903,-18778.36580967903,0.0,../1_solve/solution/1_data_1000/thr_1e-6/data_5/scipy_1,MATCH
1_data_1000,1e-6,data_5,2,-18802.70713722706,-18802.70713722706,0.0,../1_solve/solution/1_data_1000/thr_1e-6/data_5/scipy_2,MATCH
1_data_1000,1e-6,data_5,3,-18866.524180173874,-18866.524180173874,0.0,../1_solve/solution/1_data_1000/thr_1e-6/data_5/scipy_3,MATCH
1_data_1000,1e-6,data_5,4,-18948.75238597393,-18948.75238597393,0.0,../1_solve/solution/1_data_1000/thr_1e-6/data_5/scipy_4,MATCH
1_data_1000,1e-6,data_5,5,-18834.98102092743,-18834.98102092743,0.0,../1_solve/solution/1_data_1000/thr_1e-6/data_5/scipy_5,MATCH
2_data_6000,1e-1,data_1,1,-234652.00209355354,-234652.00209355354,0.0,../1_solve/solution/2_data_6000/thr_1e-1/data_1/scipy_1,MATCH
2_data_6000,1e-1,data_1,2,-236900.53748977184,-236900.53748977184,0.0,../1_solve/solution/2_data_6000/thr_1e-1/data_1/scipy_2,MATCH
2_data_6000,1e-1,data_1,3,-236289.56723046303,-236289.56723046303,0.0,../1_solve/solution/2_data_6000/thr_1e-1/data_1/scipy_3,MATCH
2_data_6000,1e-1,data_1,4,-235722.7930047512,-235722.7930047512,0.0,../1_solve/solution/2_data_6000/thr_1e-1/data_1/scipy_4,MATCH
2_data_6000,1e-1,data_1,5,-236099.73370695114,-236099.73370695114,0.0,../1_solve/solution/2_data_6000/thr_1e-1/data_1/scipy_5,MATCH
2_data_6000,1e-1,data_2,1,-239810.50348341465,-239810.50348341465,0.0,../1_solve/solution/2_data_6000/thr_1e-1/data_2/scipy_1,MATCH
2_data_6000,1e-1,data_2,2,-240082.5224366188,-240082.5224366188,0.0,../1_solve/solution/2_data_6000/thr_1e-1/data_2/scipy_2,MATCH
2_data_6000,1e-1,data_2,3,-239389.89753448963,-239389.89753448963,0.0,../1_solve/solution/2_data_6000/thr_1e-1/data_2/scipy_3,MATCH
2_data_6000,1e-1,data_2,4,-239918.2047533989,-239918.2047533989,0.0,../1_solve/solution/2_data_6000/thr_1e-1/data_2/scipy_4,MATCH
2_data_6000,1e-1,data_2,5,-236603.3272496462,-236603.3272496462,0.0,../1_solve/solution/2_data_6000/thr_1e-1/data_2/scipy_5,MATCH
2_data_6000,1e-1,data_3,1,-241804.98571193218,-241804.98571193218,0.0,../1_solve/solution/2_data_6000/thr_1e-1/data_3/scipy_1,MATCH
2_data_6000,1e-1,data_3,2,-242656.9913314581,-242656.9913314581,0.0,../1_solve/solution/2_data_6000/thr_1e-1/data_3/scipy_2,MATCH
2_data_6000,1e-1,data_3,3,-242936.34169709682,-242936.34169709682,0.0,../1_solve/solution/2_data_6000/thr_1e-1/data_3/scipy_3,MATCH
2_data_6000,1e-1,data_3,4,-241776.7396621704,-241776.7396621704,0.0,../1_solve/solution/2_data_6000/thr_1e-1/data_3/scipy_4,MATCH
2_data_6000,1e-1,data_3,5,-244839.4274493456,-244839.4274493456,0.0,../1_solve/solution/2_data_6000/thr_1e-1/data_3/scipy_5,MATCH
2_data_6000,1e-1,data_4,1,-233997.46941053867,-233997.46941053867,0.0,../1_solve/solution/2_data_6000/thr_1e-1/data_4/scipy_1,MATCH
2_data_6000,1e-1,data_4,2,-232348.23517358303,-232348.23517358303,0.0,../1_solve/solution/2_data_6000/thr_1e-1/data_4/scipy_2,MATCH
2_data_6000,1e-1,data_4,3,-231975.88870966434,-231975.88870966434,0.0,../1_solve/solution/2_data_6000/thr_1e-1/data_4/scipy_3,MATCH
2_data_6000,1e-1,data_4,4,-232310.0872873068,-232310.0872873068,0.0,../1_solve/solution/2_data_6000/thr_1e-1/data_4/scipy_4,MATCH
2_data_6000,1e-1,data_4,5,-232104.52358210087,-232104.52358210087,0.0,../1_solve/solution/2_data_6000/thr_1e-1/data_4/scipy_5,MATCH
2_data_6000,1e-1,data_5,1,-228846.67725622654,-228846.67725622654,0.0,../1_solve/solution/2_data_6000/thr_1e-1/data_5/scipy_1,MATCH
2_data_6000,1e-1,data_5,2,-227908.05890369415,-227908.05890369415,0.0,../1_solve/solution/2_data_6000/thr_1e-1/data_5/scipy_2,MATCH
2_data_6000,1e-1,data_5,3,-225835.58600914478,-225835.58600914478,0.0,../1_solve/solution/2_data_6000/thr_1e-1/data_5/scipy_3,MATCH
2_data_6000,1e-1,data_5,4,-225187.40478777885,-225187.40478777885,0.0,../1_solve/solution/2_data_6000/thr_1e-1/data_5/scipy_4,MATCH
2_data_6000,1e-1,data_5,5,-226708.5709565878,-226708.5709565878,0.0,../1_solve/solution/2_data_6000/thr_1e-1/data_5/scipy_5,MATCH
2_data_6000,1e-2,data_1,1,-270580.9645562172,-270580.9645562172,0.0,../1_solve/solution/2_data_6000/thr_1e-2/data_1/scipy_1,MATCH
2_data_6000,1e-2,data_1,2,-270447.55565071106,-270447.55565071106,0.0,../1_solve/solution/2_data_6000/thr_1e-2/data_1/scipy_2,MATCH
2_data_6000,1e-2,data_1,3,-271350.31267011166,-271350.31267011166,0.0,../1_solve/solution/2_data_6000/thr_1e-2/data_1/scipy_3,MATCH
2_data_6000,1e-2,data_1,4,-270699.781560421,-270699.781560421,0.0,../1_solve/solution/2_data_6000/thr_1e-2/data_1/scipy_4,MATCH
2_data_6000,1e-2,data_1,5,-270733.8279687166,-270733.8279687166,0.0,../1_solve/solution/2_data_6000/thr_1e-2/data_1/scipy_5,MATCH
2_data_6000,1e-2,data_2,1,-271646.38042378426,-271646.38042378426,0.0,../1_solve/solution/2_data_6000/thr_1e-2/data_2/scipy_1,MATCH
2_data_6000,1e-2,data_2,2,-271850.541054368,-271850.541054368,0.0,../1_solve/solution/2_data_6000/thr_1e-2/data_2/scipy_2,MATCH
2_data_6000,1e-2,data_2,3,-272951.8274025917,-272951.8274025917,0.0,../1_solve/solution/2_data_6000/thr_1e-2/data_2/scipy_3,MATCH
2_data_6000,1e-2,data_2,4,-271755.5943136215,-271755.5943136215,0.0,../1_solve/solution/2_data_6000/thr_1e-2/data_2/scipy_4,MATCH
2_data_6000,1e-2,data_2,5,-271841.6970192194,-271841.6970192194,0.0,../1_solve/solution/2_data_6000/thr_1e-2/data_2/scipy_5,MATCH
2_data_6000,1e-2,data_3,1,-274804.28982818127,-274804.28982818127,0.0,../1_solve/solution/2_data_6000/thr_1e-2/data_3/scipy_1,MATCH
2_data_6000,1e-2,data_3,2,-275122.39974045753,-275122.39974045753,0.0,../1_solve/solution/2_data_6000/thr_1e-2/data_3/scipy_2,MATCH
2_data_6000,1e-2,data_3,3,-274205.08463299274,-274205.08463299274,0.0,../1_solve/solution/2_data_6000/thr_1e-2/data_3/scipy_3,MATCH
2_data_6000,1e-2,data_3,4,-274619.3254891634,-274619.3254891634,0.0,../1_solve/solution/2_data_6000/thr_1e-2/data_3/scipy_4,MATCH
2_data_6000,1e-2,data_3,5,-275490.70090556145,-275490.70090556145,0.0,../1_solve/solution/2_data_6000/thr_1e-2/data_3/scipy_5,MATCH
2_data_6000,1e-2,data_4,1,-266721.5040563345,-266721.5040563345,0.0,../1_solve/solution/2_data_6000/thr_1e-2/data_4/scipy_1,MATCH
2_data_6000,1e-2,data_4,2,-263796.8892288208,-263796.8892288208,0.0,../1_solve/solution/2_data_6000/thr_1e-2/data_4/scipy_2,MATCH
2_data_6000,1e-2,data_4,3,-265123.73902487755,-265123.73902487755,0.0,../1_solve/solution/2_data_6000/thr_1e-2/data_4/scipy_3,MATCH
2_data_6000,1e-2,data_4,4,-265754.4414663315,-265754.4414663315,0.0,../1_solve/solution/2_data_6000/thr_1e-2/data_4/scipy_4,MATCH
2_data_6000,1e-2,data_4,5,-264811.1276154518,-264811.1276154518,0.0,../1_solve/solution/2_data_6000/thr_1e-2/data_4/scipy_5,MATCH
2_data_6000,1e-2,data_5,1,-261779.985653162,-261779.985653162,0.0,../1_solve/solution/2_data_6000/thr_1e-2/data_5/scipy_1,MATCH
2_data_6000,1e-2,data_5,2,-260488.3185569048,-260488.3185569048,0.0,../1_solve/solution/2_data_6000/thr_1e-2/data_5/scipy_2,MATCH
2_data_6000,1e-2,data_5,3,-259214.07064712048,-259214.07064712048,0.0,../1_solve/solution/2_data_6000/thr_1e-2/data_5/scipy_3,MATCH
2_data_6000,1e-2,data_5,4,-260758.1018562317,-260758.1018562317,0.0,../1_solve/solution/2_data_6000/thr_1e-2/data_5/scipy_4,MATCH
2_data_6000,1e-2,data_5,5,-260579.52799534798,-260579.52799534798,0.0,../1_solve/solution/2_data_6000/thr_1e-2/data_5/scipy_5,MATCH
2_data_6000,1e-3,data_1,1,-276483.2676181793,-276483.2676181793,0.0,../1_solve/solution/2_data_6000/thr_1e-3/data_1/scipy_1,MATCH
2_data_6000,1e-3,data_1,2,-275625.864908576,-275625.864908576,0.0,../1_solve/solution/2_data_6000/thr_1e-3/data_1/scipy_2,MATCH
2_data_6000,1e-3,data_1,3,-275994.708201766,-275994.708201766,0.0,../1_solve/solution/2_data_6000/thr_1e-3/data_1/scipy_3,MATCH
2_data_6000,1e-3,data_1,4,-276694.40851700306,-276694.40851700306,0.0,../1_solve/solution/2_data_6000/thr_1e-3/data_1/scipy_4,MATCH
2_data_6000,1e-3,data_1,5,-276386.2383506298,-276386.2383506298,0.0,../1_solve/solution/2_data_6000/thr_1e-3/data_1/scipy_5,MATCH
2_data_6000,1e-3,data_2,1,-277560.688603878,-277560.688603878,0.0,../1_solve/solution/2_data_6000/thr_1e-3/data_2/scipy_1,MATCH
2_data_6000,1e-3,data_2,2,-277455.8323725462,-277455.8323725462,0.0,../1_solve/solution/2_data_6000/thr_1e-3/data_2/scipy_2,MATCH
2_data_6000,1e-3,data_2,3,-277370.5945535898,-277370.5945535898,0.0,../1_solve/solution/2_data_6000/thr_1e-3/data_2/scipy_3,MATCH
2_data_6000,1e-3,data_2,4,-278282.5023392439,-278282.5023392439,0.0,../1_solve/solution/2_data_6000/thr_1e-3/data_2/scipy_4,MATCH
2_data_6000,1e-3,data_2,5,-278051.71911883354,-278051.71911883354,0.0,../1_solve/solution/2_data_6000/thr_1e-3/data_2/scipy_5,MATCH
2_data_6000,1e-3,data_3,1,-280764.98976945877,-280764.98976945877,0.0,../1_solve/solution/2_data_6000/thr_1e-3/data_3/scipy_1,MATCH
2_data_6000,1e-3,data_3,2,-280951.26395630836,-280951.26395630836,0.0,../1_solve/solution/2_data_6000/thr_1e-3/data_3/scipy_2,MATCH
2_data_6000,1e-3,data_3,3,-279889.72678649426,-279889.72678649426,0.0,../1_solve/solution/2_data_6000/thr_1e-3/data_3/scipy_3,MATCH
2_data_6000,1e-3,data_3,4,-280304.4783203602,-280304.4783203602,0.0,../1_solve/solution/2_data_6000/thr_1e-3/data_3/scipy_4,MATCH
2_data_6000,1e-3,data_3,5,-280623.35270416737,-280623.35270416737,0.0,../1_solve/solution/2_data_6000/thr_1e-3/data_3/scipy_5,MATCH
2_data_6000,1e-3,data_4,1,-271452.0853047371,-271452.0853047371,0.0,../1_solve/solution/2_data_6000/thr_1e-3/data_4/scipy_1,MATCH
2_data_6000,1e-3,data_4,2,-271459.316819787,-271459.316819787,0.0,../1_solve/solution/2_data_6000/thr_1e-3/data_4/scipy_2,MATCH
2_data_6000,1e-3,data_4,3,-271059.77667212486,-271059.77667212486,0.0,../1_solve/solution/2_data_6000/thr_1e-3/data_4/scipy_3,MATCH
2_data_6000,1e-3,data_4,4,-272635.1215428114,-272635.1215428114,0.0,../1_solve/solution/2_data_6000/thr_1e-3/data_4/scipy_4,MATCH
2_data_6000,1e-3,data_4,5,-270244.4599170685,-270244.4599170685,0.0,../1_solve/solution/2_data_6000/thr_1e-3/data_4/scipy_5,MATCH
2_data_6000,1e-3,data_5,1,-267582.9814982414,-267582.9814982414,0.0,../1_solve/solution/2_data_6000/thr_1e-3/data_5/scipy_1,MATCH
2_data_6000,1e-3,data_5,2,-267484.10777926445,-267484.10777926445,0.0,../1_solve/solution/2_data_6000/thr_1e-3/data_5/scipy_2,MATCH
2_data_6000,1e-3,data_5,3,-267904.13273346424,-267904.13273346424,0.0,../1_solve/solution/2_data_6000/thr_1e-3/data_5/scipy_3,MATCH
2_data_6000,1e-3,data_5,4,-267735.0384596586,-267735.0384596586,0.0,../1_solve/solution/2_data_6000/thr_1e-3/data_5/scipy_4,MATCH
2_data_6000,1e-3,data_5,5,-266970.42575871944,-266970.42575871944,0.0,../1_solve/solution/2_data_6000/thr_1e-3/data_5/scipy_5,MATCH
2_data_6000,1e-4,data_1,1,-278400.1435480118,-278400.1435480118,0.0,../1_solve/solution/2_data_6000/thr_1e-4/data_1/scipy_1,MATCH
2_data_6000,1e-4,data_1,2,-277971.6515837908,-277971.6515837908,0.0,../1_solve/solution/2_data_6000/thr_1e-4/data_1/scipy_2,MATCH
2_data_6000,1e-4,data_1,3,-279297.6090166569,-279297.6090166569,0.0,../1_solve/solution/2_data_6000/thr_1e-4/data_1/scipy_3,MATCH
2_data_6000,1e-4,data_1,4,-279753.993522048,-279753.993522048,0.0,../1_solve/solution/2_data_6000/thr_1e-4/data_1/scipy_4,MATCH
2_data_6000,1e-4,data_1,5,-279228.4185478687,-279228.4185478687,0.0,../1_solve/solution/2_data_6000/thr_1e-4/data_1/scipy_5,MATCH
2_data_6000,1e-4,data_2,1,-279881.448310256,-279881.448310256,0.0,../1_solve/solution/2_data_6000/thr_1e-4/data_2/scipy_1,MATCH
2_data_6000,1e-4,data_2,2,-280105.6983296871,-280105.6983296871,0.0,../1_solve/solution/2_data_6000/thr_1e-4/data_2/scipy_2,MATCH
2_data_6000,1e-4,data_2,3,-280532.29674327374,-280532.29674327374,0.0,../1_solve/solution/2_data_6000/thr_1e-4/data_2/scipy_3,MATCH
2_data_6000,1e-4,data_2,4,-280547.8027881384,-280547.8027881384,0.0,../1_solve/solution/2_data_6000/thr_1e-4/data_2/scipy_4,MATCH
2_data_6000,1e-4,data_2,5,-279831.63625633717,-279831.63625633717,0.0,../1_solve/solution/2_data_6000/thr_1e-4/data_2/scipy_5,MATCH
2_data_6000,1e-4,data_3,1,-282675.24850821495,-282675.24850821495,0.0,../1_solve/solution/2_data_6000/thr_1e-4/data_3/scipy_1,MATCH
2_data_6000,1e-4,data_3,2,-283963.24609720707,-283963.24609720707,0.0,../1_solve/solution/2_data_6000/thr_1e-4/data_3/scipy_2,MATCH
2_data_6000,1e-4,data_3,3,-282812.67322313786,-282812.67322313786,0.0,../1_solve/solution/2_data_6000/thr_1e-4/data_3/scipy_3,MATCH
2_data_6000,1e-4,data_3,4,-282970.89222705364,-282970.89222705364,0.0,../1_solve/solution/2_data_6000/thr_1e-4/data_3/scipy_4,MATCH
2_data_6000,1e-4,data_3,5,-283476.80433142185,-283476.80433142185,0.0,../1_solve/solution/2_data_6000/thr_1e-4/data_3/scipy_5,MATCH
2_data_6000,1e-4,data_4,1,-273274.8288830519,-273274.8288830519,0.0,../1_solve/solution/2_data_6000/thr_1e-4/data_4/scipy_1,MATCH
2_data_6000,1e-4,data_4,2,-273311.80542111397,-273311.80542111397,0.0,../1_solve/solution/2_data_6000/thr_1e-4/data_4/scipy_2,MATCH
2_data_6000,1e-4,data_4,3,-274089.1593030691,-274089.1593030691,0.0,../1_solve/solution/2_data_6000/thr_1e-4/data_4/scipy_3,MATCH
2_data_6000,1e-4,data_4,4,-274278.22879469395,-274278.22879469395,0.0,../1_solve/solution/2_data_6000/thr_1e-4/data_4/scipy_4,MATCH
2_data_6000,1e-4,data_4,5,-273202.6825413704,-273202.6825413704,0.0,../1_solve/solution/2_data_6000/thr_1e-4/data_4/scipy_5,MATCH
2_data_6000,1e-4,data_5,1,-270389.74734711647,-270389.74734711647,0.0,../1_solve/solution/2_data_6000/thr_1e-4/data_5/scipy_1,MATCH
2_data_6000,1e-4,data_5,2,-269943.0934833288,-269943.0934833288,0.0,../1_solve/solution/2_data_6000/thr_1e-4/data_5/scipy_2,MATCH
2_data_6000,1e-4,data_5,3,-270295.8082664013,-270295.8082664013,0.0,../1_solve/solution/2_data_6000/thr_1e-4/data_5/scipy_3,MATCH
2_data_6000,1e-4,data_5,4,-269118.05480468273,-269118.05480468273,0.0,../1_solve/solution/2_data_6000/thr_1e-4/data_5/scipy_4,MATCH
2_data_6000,1e-4,data_5,5,-269367.40160000324,-269367.40160000324,0.0,../1_solve/solution/2_data_6000/thr_1e-4/data_5/scipy_5,MATCH
2_data_6000,1e-5,data_1,1,-279360.84281265736,-279360.84281265736,0.0,../1_solve/solution/2_data_6000/thr_1e-5/data_1/scipy_1,MATCH
2_data_6000,1e-5,data_1,2,-280883.9217094183,-280883.9217094183,0.0,../1_solve/solution/2_data_6000/thr_1e-5/data_1/scipy_2,MATCH
2_data_6000,1e-5,data_1,3,-280261.16215896606,-280261.16215896606,0.0,../1_solve/solution/2_data_6000/thr_1e-5/data_1/scipy_3,MATCH
2_data_6000,1e-5,data_1,4,-280720.2684623003,-280720.2684623003,0.0,../1_solve/solution/2_data_6000/thr_1e-5/data_1/scipy_4,MATCH
2_data_6000,1e-5,data_1,5,-281198.30109238625,-281198.30109238625,0.0,../1_solve/solution/2_data_6000/thr_1e-5/data_1/scipy_5,MATCH
2_data_6000,1e-5,data_2,1,-282275.76276135445,-282275.76276135445,0.0,../1_solve/solution/2_data_6000/thr_1e-5/data_2/scipy_1,MATCH
2_data_6000,1e-5,data_2,2,-281604.4115871191,-281604.4115871191,0.0,../1_solve/solution/2_data_6000/thr_1e-5/data_2/scipy_2,MATCH
2_data_6000,1e-5,data_2,3,-281515.5680434704,-281515.5680434704,0.0,../1_solve/solution/2_data_6000/thr_1e-5/data_2/scipy_3,MATCH
2_data_6000,1e-5,data_2,4,-281736.31607437134,-281736.31607437134,0.0,../1_solve/solution/2_data_6000/thr_1e-5/data_2/scipy_4,MATCH
2_data_6000,1e-5,data_2,5,-281728.14354491234,-281728.14354491234,0.0,../1_solve/solution/2_data_6000/thr_1e-5/data_2/scipy_5,MATCH
2_data_6000,1e-5,data_3,1,-283672.88882923126,-283672.88882923126,0.0,../1_solve/solution/2_data_6000/thr_1e-5/data_3/scipy_1,MATCH
2_data_6000,1e-5,data_3,2,-284988.3761590719,-284988.3761590719,0.0,../1_solve/solution/2_data_6000/thr_1e-5/data_3/scipy_2,MATCH
2_data_6000,1e-5,data_3,3,-285045.7592610121,-285045.7592610121,0.0,../1_solve/solution/2_data_6000/thr_1e-5/data_3/scipy_3,MATCH
2_data_6000,1e-5,data_3,4,-285060.2079747915,-285060.2079747915,0.0,../1_solve/solution/2_data_6000/thr_1e-5/data_3/scipy_4,MATCH
2_data_6000,1e-5,data_3,5,-285358.653575778,-285358.653575778,0.0,../1_solve/solution/2_data_6000/thr_1e-5/data_3/scipy_5,MATCH
2_data_6000,1e-5,data_4,1,-275460.40196383,-275460.40196383,0.0,../1_solve/solution/2_data_6000/thr_1e-5/data_4/scipy_1,MATCH
2_data_6000,1e-5,data_4,2,-274834.55794131756,-274834.55794131756,0.0,../1_solve/solution/2_data_6000/thr_1e-5/data_4/scipy_2,MATCH
2_data_6000,1e-5,data_4,3,-275063.8130866289,-275063.8130866289,0.0,../1_solve/solution/2_data_6000/thr_1e-5/data_4/scipy_3,MATCH
2_data_6000,1e-5,data_4,4,-274667.30377566814,-274667.30377566814,0.0,../1_solve/solution/2_data_6000/thr_1e-5/data_4/scipy_4,MATCH
2_data_6000,1e-5,data_4,5,-275353.3680844307,-275353.3680844307,0.0,../1_solve/solution/2_data_6000/thr_1e-5/data_4/scipy_5,MATCH
2_data_6000,1e-5,data_5,1,-272339.8044486046,-272339.8044486046,0.0,../1_solve/solution/2_data_6000/thr_1e-5/data_5/scipy_1,MATCH
2_data_6000,1e-5,data_5,2,-270857.9055849314,-270857.9055849314,0.0,../1_solve/solution/2_data_6000/thr_1e-5/data_5/scipy_2,MATCH
2_data_6000,1e-5,data_5,3,-271618.52635121346,-271618.52635121346,0.0,../1_solve/solution/2_data_6000/thr_1e-5/data_5/scipy_3,MATCH
2_data_6000,1e-5,data_5,4,-272292.6738190651,-272292.6738190651,0.0,../1_solve/solution/2_data_6000/thr_1e-5/data_5/scipy_4,MATCH
2_data_6000,1e-5,data_5,5,-271369.9105260372,-271369.9105260372,0.0,../1_solve/solution/2_data_6000/thr_1e-5/data_5/scipy_5,MATCH
2_data_6000,1e-6,data_1,1,-279695.28808510303,-279695.28808510303,0.0,../1_solve/solution/2_data_6000/thr_1e-6/data_1/scipy_1,MATCH
2_data_6000,1e-6,data_1,2,-282240.2963000536,-282240.2963000536,0.0,../1_solve/solution/2_data_6000/thr_1e-6/data_1/scipy_2,MATCH
2_data_6000,1e-6,data_1,3,-281967.527998209,-281967.527998209,0.0,../1_solve/solution/2_data_6000/thr_1e-6/data_1/scipy_3,MATCH
2_data_6000,1e-6,data_1,4,-281423.63387465477,-281423.63387465477,0.0,../1_solve/solution/2_data_6000/thr_1e-6/data_1/scipy_4,MATCH
2_data_6000,1e-6,data_1,5,-281765.0952231884,-281765.0952231884,0.0,../1_solve/solution/2_data_6000/thr_1e-6/data_1/scipy_5,MATCH
2_data_6000,1e-6,data_2,1,-282275.76276135445,-282275.76276135445,0.0,../1_solve/solution/2_data_6000/thr_1e-6/data_2/scipy_1,MATCH
2_data_6000,1e-6,data_2,2,-281925.6238139868,-281925.6238139868,0.0,../1_solve/solution/2_data_6000/thr_1e-6/data_2/scipy_2,MATCH
2_data_6000,1e-6,data_2,3,-282925.25387096405,-282925.25387096405,0.0,../1_solve/solution/2_data_6000/thr_1e-6/data_2/scipy_3,MATCH
2_data_6000,1e-6,data_2,4,-282453.28861141205,-282453.28861141205,0.0,../1_solve/solution/2_data_6000/thr_1e-6/data_2/scipy_4,MATCH
2_data_6000,1e-6,data_2,5,-282867.2196034193,-282867.2196034193,0.0,../1_solve/solution/2_data_6000/thr_1e-6/data_2/scipy_5,MATCH
2_data_6000,1e-6,data_3,1,-286331.55775260925,-286331.55775260925,0.0,../1_solve/solution/2_data_6000/thr_1e-6/data_3/scipy_1,MATCH
2_data_6000,1e-6,data_3,2,-286117.50829684734,-286117.50829684734,0.0,../1_solve/solution/2_data_6000/thr_1e-6/data_3/scipy_2,MATCH
2_data_6000,1e-6,data_3,3,-285736.8621045351,-285736.8621045351,0.0,../1_solve/solution/2_data_6000/thr_1e-6/data_3/scipy_3,MATCH
2_data_6000,1e-6,data_3,4,-285317.39506161213,-285317.39506161213,0.0,../1_solve/solution/2_data_6000/thr_1e-6/data_3/scipy_4,MATCH
2_data_6000,1e-6,data_3,5,-286164.6792539358,-286164.6792539358,0.0,../1_solve/solution/2_data_6000/thr_1e-6/data_3/scipy_5,MATCH
2_data_6000,1e-6,data_4,1,-276461.2185764313,-276461.2185764313,0.0,../1_solve/solution/2_data_6000/thr_1e-6/data_4/scipy_1,MATCH
2_data_6000,1e-6,data_4,2,-275702.2705281973,-275702.2705281973,0.0,../1_solve/solution/2_data_6000/thr_1e-6/data_4/scipy_2,MATCH
2_data_6000,1e-6,data_4,3,-276418.793148756,-276418.793148756,0.0,../1_solve/solution/2_data_6000/thr_1e-6/data_4/scipy_3,MATCH
2_data_6000,1e-6,data_4,4,-275762.05442869663,-275762.05442869663,0.0,../1_solve/solution/2_data_6000/thr_1e-6/data_4/scipy_4,MATCH
2_data_6000,1e-6,data_4,5,-276598.0775889158,-276598.0775889158,0.0,../1_solve/solution/2_data_6000/thr_1e-6/data_4/scipy_5,MATCH
2_data_6000,1e-6,data_5,1,-273368.5189138651,-273368.5189138651,0.0,../1_solve/solution/2_data_6000/thr_1e-6/data_5/scipy_1,MATCH
2_data_6000,1e-6,data_5,2,-271924.90867841244,-271924.90867841244,0.0,../1_solve/solution/2_data_6000/thr_1e-6/data_5/scipy_2,MATCH
2_data_6000,1e-6,data_5,3,-272436.47497832775,-272436.47497832775,0.0,../1_solve/solution/2_data_6000/thr_1e-6/data_5/scipy_3,MATCH
2_data_6000,1e-6,data_5,4,-272648.89879751205,-272648.89879751205,0.0,../1_solve/solution/2_data_6000/thr_1e-6/data_5/scipy_4,MATCH
2_data_6000,1e-6,data_5,5,-271547.429587245,-271547.429587245,0.0,../1_solve/solution/2_data_6000/thr_1e-6/data_5/scipy_5,MATCH
3_data_25000,1e-1,data_1,1,-1872249.8606276512,-1872249.8606276512,0.0,../1_solve/solution/3_data_25000/thr_1e-1/data_1/scipy_1,MATCH
3_data_25000,1e-1,data_1,2,-1882301.0112890005,-1882301.0112890005,0.0,../1_solve/solution/3_data_25000/thr_1e-1/data_1/scipy_2,MATCH
3_data_25000,1e-1,data_1,3,-1862413.4135152102,-1862413.4135152102,0.0,../1_solve/solution/3_data_25000/thr_1e-1/data_1/scipy_3,MATCH
3_data_25000,1e-1,data_1,4,-1872373.6980637312,-1872373.6980637312,0.0,../1_solve/solution/3_data_25000/thr_1e-1/data_1/scipy_4,MATCH
3_data_25000,1e-1,data_1,5,-1868992.0080457926,-1868992.0080457926,0.0,../1_solve/solution/3_data_25000/thr_1e-1/data_1/scipy_5,MATCH
3_data_25000,1e-1,data_2,1,-1821709.8505750895,-1821709.8505750895,0.0,../1_solve/solution/3_data_25000/thr_1e-1/data_2/scipy_1,MATCH
3_data_25000,1e-1,data_2,2,-1825118.302750945,-1825118.302750945,0.0,../1_solve/solution/3_data_25000/thr_1e-1/data_2/scipy_2,MATCH
3_data_25000,1e-1,data_2,3,-1838965.1616595984,-1838965.1616595984,0.0,../1_solve/solution/3_data_25000/thr_1e-1/data_2/scipy_3,MATCH
3_data_25000,1e-1,data_2,4,-1823941.4641996622,-1823941.4641996622,0.0,../1_solve/solution/3_data_25000/thr_1e-1/data_2/scipy_4,MATCH
3_data_25000,1e-1,data_2,5,-1821907.2205616236,-1821907.2205616236,0.0,../1_solve/solution/3_data_25000/thr_1e-1/data_2/scipy_5,MATCH
3_data_25000,1e-1,data_3,1,-1870926.6255767345,-1870926.6255767345,0.0,../1_solve/solution/3_data_25000/thr_1e-1/data_3/scipy_1,MATCH
3_data_25000,1e-1,data_3,2,-1872970.315661788,-1872970.315661788,0.0,../1_solve/solution/3_data_25000/thr_1e-1/data_3/scipy_2,MATCH
3_data_25000,1e-1,data_3,3,-1868164.229052782,-1868164.229052782,0.0,../1_solve/solution/3_data_25000/thr_1e-1/data_3/scipy_3,MATCH
3_data_25000,1e-1,data_3,4,-1881503.8942598104,-1881503.8942598104,0.0,../1_solve/solution/3_data_25000/thr_1e-1/data_3/scipy_4,MATCH
3_data_25000,1e-1,data_3,5,-1877718.4596569538,-1877718.4596569538,0.0,../1_solve/solution/3_data_25000/thr_1e-1/data_3/scipy_5,MATCH
3_data_25000,1e-1,data_4,1,-1883435.653475523,-1883435.653475523,0.0,../1_solve/solution/3_data_25000/thr_1e-1/data_4/scipy_1,MATCH
3_data_25000,1e-1,data_4,2,-1881870.489027381,-1881870.489027381,0.0,../1_solve/solution/3_data_25000/thr_1e-1/data_4/scipy_2,MATCH
3_data_25000,1e-1,data_4,3,-1876059.9207212925,-1876059.9207212925,0.0,../1_solve/solution/3_data_25000/thr_1e-1/data_4/scipy_3,MATCH
3_data_25000,1e-1,data_4,4,-1868581.4561915398,-1868581.4561915398,0.0,../1_solve/solution/3_data_25000/thr_1e-1/data_4/scipy_4,MATCH
3_data_25000,1e-1,data_4,5,-1865717.6584814787,-1865717.6584814787,0.0,../1_solve/solution/3_data_25000/thr_1e-1/data_4/scipy_5,MATCH
3_data_25000,1e-1,data_5,1,-1880114.5745866299,-1880114.5745866299,0.0,../1_solve/solution/3_data_25000/thr_1e-1/data_5/scipy_1,MATCH
3_data_25000,1e-1,data_5,2,-1888444.5511052608,-1888444.5511052608,0.0,../1_solve/solution/3_data_25000/thr_1e-1/data_5/scipy_2,MATCH
3_data_25000,1e-1,data_5,3,-1880709.0060526133,-1880709.0060526133,0.0,../1_solve/solution/3_data_25000/thr_1e-1/data_5/scipy_3,MATCH
3_data_25000,1e-1,data_5,4,-1875522.8234540224,-1875522.8234540224,0.0,../1_solve/solution/3_data_25000/thr_1e-1/data_5/scipy_4,MATCH
3_data_25000,1e-1,data_5,5,-1881000.8141649961,-1881000.8141649961,0.0,../1_solve/solution/3_data_25000/thr_1e-1/data_5/scipy_5,MATCH
3_data_25000,1e-2,data_1,1,-2293995.3616136312,-2293995.3616136312,0.0,../1_solve/solution/3_data_25000/thr_1e-2/data_1/scipy_1,MATCH
3_data_25000,1e-2,data_1,2,-2293568.370086074,-2293568.370086074,0.0,../1_solve/solution/3_data_25000/thr_1e-2/data_1/scipy_2,MATCH
3_data_25000,1e-2,data_1,3,-2287035.04263258,-2287035.04263258,0.0,../1_solve/solution/3_data_25000/thr_1e-2/data_1/scipy_3,MATCH
3_data_25000,1e-2,data_1,4,-2291480.804778099,-2291480.804778099,0.0,../1_solve/solution/3_data_25000/thr_1e-2/data_1/scipy_4,MATCH
3_data_25000,1e-2,data_1,5,-2289348.19720912,-2289348.19720912,0.0,../1_solve/solution/3_data_25000/thr_1e-2/data_1/scipy_5,MATCH
3_data_25000,1e-2,data_2,1,-2251216.962375164,-2251216.962375164,0.0,../1_solve/solution/3_data_25000/thr_1e-2/data_2/scipy_1,MATCH
3_data_25000,1e-2,data_2,2,-2253845.124667287,-2253845.124667287,0.0,../1_solve/solution/3_data_25000/thr_1e-2/data_2/scipy_2,MATCH
3_data_25000,1e-2,data_2,3,-2254500.031755686,-2254500.031755686,0.0,../1_solve/solution/3_data_25000/thr_1e-2/data_2/scipy_3,MATCH
3_data_25000,1e-2,data_2,4,-2254092.8002769947,-2254092.8002769947,0.0,../1_solve/solution/3_data_25000/thr_1e-2/data_2/scipy_4,MATCH
3_data_25000,1e-2,data_2,5,-2257588.2235639095,-2257588.2235639095,0.0,../1_solve/solution/3_data_25000/thr_1e-2/data_2/scipy_5,MATCH
3_data_25000,1e-2,data_3,1,-2288567.609574795,-2288567.609574795,0.0,../1_solve/solution/3_data_25000/thr_1e-2/data_3/scipy_1,MATCH
3_data_25000,1e-2,data_3,2,-2289711.379731059,-2289711.379731059,0.0,../1_solve/solution/3_data_25000/thr_1e-2/data_3/scipy_2,MATCH
3_data_25000,1e-2,data_3,3,-2289738.6134001017,-2289738.6134001017,0.0,../1_solve/solution/3_data_25000/thr_1e-2/data_3/scipy_3,MATCH
3_data_25000,1e-2,data_3,4,-2300070.7587809563,-2300070.7587809563,0.0,../1_solve/solution/3_data_25000/thr_1e-2/data_3/scipy_4,MATCH
3_data_25000,1e-2,data_3,5,-2290770.427857876,-2290770.427857876,0.0,../1_solve/solution/3_data_25000/thr_1e-2/data_3/scipy_5,MATCH
3_data_25000,1e-2,data_4,1,-2294895.2298494577,-2294895.2298494577,0.0,../1_solve/solution/3_data_25000/thr_1e-2/data_4/scipy_1,MATCH
3_data_25000,1e-2,data_4,2,-2284398.8969134092,-2284398.8969134092,0.0,../1_solve/solution/3_data_25000/thr_1e-2/data_4/scipy_2,MATCH
3_data_25000,1e-2,data_4,3,-2286869.0743641853,-2286869.0743641853,0.0,../1_solve/solution/3_data_25000/thr_1e-2/data_4/scipy_3,MATCH
3_data_25000,1e-2,data_4,4,-2291768.017252207,-2291768.017252207,0.0,../1_solve/solution/3_data_25000/thr_1e-2/data_4/scipy_4,MATCH
3_data_25000,1e-2,data_4,5,-2290608.014949441,-2290608.014949441,0.0,../1_solve/solution/3_data_25000/thr_1e-2/data_4/scipy_5,MATCH
3_data_25000,1e-2,data_5,1,-2296145.7899968624,-2296145.7899968624,0.0,../1_solve/solution/3_data_25000/thr_1e-2/data_5/scipy_1,MATCH
3_data_25000,1e-2,data_5,2,-2295891.900371313,-2295891.900371313,0.0,../1_solve/solution/3_data_25000/thr_1e-2/data_5/scipy_2,MATCH
3_data_25000,1e-2,data_5,3,-2299805.0470113754,-2299805.0470113754,0.0,../1_solve/solution/3_data_25000/thr_1e-2/data_5/scipy_3,MATCH
3_data_25000,1e-2,data_5,4,-2304418.2683678865,-2304418.2683678865,0.0,../1_solve/solution/3_data_25000/thr_1e-2/data_5/scipy_4,MATCH
3_data_25000,1e-2,data_5,5,-2303763.957343936,-2303763.957343936,0.0,../1_solve/solution/3_data_25000/thr_1e-2/data_5/scipy_5,MATCH
3_data_25000,1e-3,data_1,1,-2342017.6850315332,-2342017.6850315332,0.0,../1_solve/solution/3_data_25000/thr_1e-3/data_1/scipy_1,MATCH
3_data_25000,1e-3,data_1,2,-2340968.9965783358,-2340968.9965783358,0.0,../1_solve/solution/3_data_25000/thr_1e-3/data_1/scipy_2,MATCH
3_data_25000,1e-3,data_1,3,-2339791.461075306,-2339791.461075306,0.0,../1_solve/solution/3_data_25000/thr_1e-3/data_1/scipy_3,MATCH
3_data_25000,1e-3,data_1,4,-2337591.1710323095,-2337591.1710323095,0.0,../1_solve/solution/3_data_25000/thr_1e-3/data_1/scipy_4,MATCH
3_data_25000,1e-3,data_1,5,-2341168.534353018,-2341168.534353018,0.0,../1_solve/solution/3_data_25000/thr_1e-3/data_1/scipy_5,MATCH
3_data_25000,1e-3,data_2,1,-2304550.732660651,-2304550.732660651,0.0,../1_solve/solution/3_data_25000/thr_1e-3/data_2/scipy_1,MATCH
3_data_25000,1e-3,data_2,2,-2304237.365047574,-2304237.365047574,0.0,../1_solve/solution/3_data_25000/thr_1e-3/data_2/scipy_2,MATCH
3_data_25000,1e-3,data_2,3,-2300005.986191392,-2300005.986191392,0.0,../1_solve/solution/3_data_25000/thr_1e-3/data_2/scipy_3,MATCH
3_data_25000,1e-3,data_2,4,-2307283.2649776936,-2307283.2649776936,0.0,../1_solve/solution/3_data_25000/thr_1e-3/data_2/scipy_4,MATCH
3_data_25000,1e-3,data_2,5,-2305211.9565677643,-2305211.9565677643,0.0,../1_solve/solution/3_data_25000/thr_1e-3/data_2/scipy_5,MATCH
3_data_25000,1e-3,data_3,1,-2343825.1353690624,-2343825.1353690624,0.0,../1_solve/solution/3_data_25000/thr_1e-3/data_3/scipy_1,MATCH
3_data_25000,1e-3,data_3,2,-2338623.75149858,-2338623.75149858,0.0,../1_solve/solution/3_data_25000/thr_1e-3/data_3/scipy_2,MATCH
3_data_25000,1e-3,data_3,3,-2346927.7795823812,-2346927.7795823812,0.0,../1_solve/solution/3_data_25000/thr_1e-3/data_3/scipy_3,MATCH
3_data_25000,1e-3,data_3,4,-2341870.0575193167,-2341870.0575193167,0.0,../1_solve/solution/3_data_25000/thr_1e-3/data_3/scipy_4,MATCH
3_data_25000,1e-3,data_3,5,-2345290.6081978083,-2345290.6081978083,0.0,../1_solve/solution/3_data_25000/thr_1e-3/data_3/scipy_5,MATCH
3_data_25000,1e-3,data_4,1,-2342690.5144946575,-2342690.5144946575,0.0,../1_solve/solution/3_data_25000/thr_1e-3/data_4/scipy_1,MATCH
3_data_25000,1e-3,data_4,2,-2338469.511741042,-2338469.511741042,0.0,../1_solve/solution/3_data_25000/thr_1e-3/data_4/scipy_2,MATCH
3_data_25000,1e-3,data_4,3,-2337700.351431966,-2337700.351431966,0.0,../1_solve/solution/3_data_25000/thr_1e-3/data_4/scipy_3,MATCH
3_data_25000,1e-3,data_4,4,-2344347.667072296,-2344347.667072296,0.0,../1_solve/solution/3_data_25000/thr_1e-3/data_4/scipy_4,MATCH
3_data_25000,1e-3,data_4,5,-2336696.8754053116,-2336696.8754053116,0.0,../1_solve/solution/3_data_25000/thr_1e-3/data_4/scipy_5,MATCH
3_data_25000,1e-3,data_5,1,-2342782.2042719126,-2342782.2042719126,0.0,../1_solve/solution/3_data_25000/thr_1e-3/data_5/scipy_1,MATCH
3_data_25000,1e-3,data_5,2,-2348733.9144949913,-2348733.9144949913,0.0,../1_solve/solution/3_data_25000/thr_1e-3/data_5/scipy_2,MATCH
3_data_25000,1e-3,data_5,3,-2348539.370715618,-2348539.370715618,0.0,../1_solve/solution/3_data_25000/thr_1e-3/data_5/scipy_3,MATCH
3_data_25000,1e-3,data_5,4,-2351528.733685136,-2351528.733685136,0.0,../1_solve/solution/3_data_25000/thr_1e-3/data_5/scipy_4,MATCH
3_data_25000,1e-3,data_5,5,-2345049.7903934717,-2345049.7903934717,0.0,../1_solve/solution/3_data_25000/thr_1e-3/data_5/scipy_5,MATCH
3_data_25000,1e-4,data_1,1,-2362326.600376725,-2362326.600376725,0.0,../1_solve/solution/3_data_25000/thr_1e-4/data_1/scipy_1,MATCH
3_data_25000,1e-4,data_1,2,-2364241.229103565,-2364241.229103565,0.0,../1_solve/solution/3_data_25000/thr_1e-4/data_1/scipy_2,MATCH
3_data_25000,1e-4,data_1,3,-2364126.9778847694,-2364126.9778847694,0.0,../1_solve/solution/3_data_25000/thr_1e-4/data_1/scipy_3,MATCH
3_data_25000,1e-4,data_1,4,-2369193.8863999844,-2369193.8863999844,0.0,../1_solve/solution/3_data_25000/thr_1e-4/data_1/scipy_4,MATCH
3_data_25000,1e-4,data_1,5,-2362675.590909004,-2362675.590909004,0.0,../1_solve/solution/3_data_25000/thr_1e-4/data_1/scipy_5,MATCH
3_data_25000,1e-4,data_2,1,-2334864.1934275627,-2334864.1934275627,0.0,../1_solve/solution/3_data_25000/thr_1e-4/data_2/scipy_1,MATCH
3_data_25000,1e-4,data_2,2,-2333570.577317357,-2333570.577317357,0.0,../1_solve/solution/3_data_25000/thr_1e-4/data_2/scipy_2,MATCH
3_data_25000,1e-4,data_2,3,-2329848.251458168,-2329848.251458168,0.0,../1_solve/solution/3_data_25000/thr_1e-4/data_2/scipy_3,MATCH
3_data_25000,1e-4,data_2,4,-2320344.197211504,-2320344.197211504,0.0,../1_solve/solution/3_data_25000/thr_1e-4/data_2/scipy_4,MATCH
3_data_25000,1e-4,data_2,5,-2334035.845282793,-2334035.845282793,0.0,../1_solve/solution/3_data_25000/thr_1e-4/data_2/scipy_5,MATCH
3_data_25000,1e-4,data_3,1,-2366218.232574463,-2366218.232574463,0.0,../1_solve/solution/3_data_25000/thr_1e-4/data_3/scipy_1,MATCH
3_data_25000,1e-4,data_3,2,-2367179.536548853,-2367179.536548853,0.0,../1_solve/solution/3_data_25000/thr_1e-4/data_3/scipy_2,MATCH
3_data_25000,1e-4,data_3,3,-2369568.1786386967,-2369568.1786386967,0.0,../1_solve/solution/3_data_25000/thr_1e-4/data_3/scipy_3,MATCH
3_data_25000,1e-4,data_3,4,-2367854.982222438,-2367854.982222438,0.0,../1_solve/solution/3_data_25000/thr_1e-4/data_3/scipy_4,MATCH
3_data_25000,1e-4,data_3,5,-2363415.8021063805,-2363415.8021063805,0.0,../1_solve/solution/3_data_25000/thr_1e-4/data_3/scipy_5,MATCH
3_data_25000,1e-4,data_4,1,-2370572.412940979,-2370572.412940979,0.0,../1_solve/solution/3_data_25000/thr_1e-4/data_4/scipy_1,MATCH
3_data_25000,1e-4,data_4,2,-2363785.757152438,-2363785.757152438,0.0,../1_solve/solution/3_data_25000/thr_1e-4/data_4/scipy_2,MATCH
3_data_25000,1e-4,data_4,3,-2363589.9238847494,-2363589.9238847494,0.0,../1_solve/solution/3_data_25000/thr_1e-4/data_4/scipy_3,MATCH
3_data_25000,1e-4,data_4,4,-2367749.48854208,-2367749.48854208,0.0,../1_solve/solution/3_data_25000/thr_1e-4/data_4/scipy_4,MATCH
3_data_25000,1e-4,data_4,5,-2366770.869807601,-2366770.869807601,0.0,../1_solve/solution/3_data_25000/thr_1e-4/data_4/scipy_5,MATCH
3_data_25000,1e-4,data_5,1,-2373672.3904032707,-2373672.3904032707,0.0,../1_solve/solution/3_data_25000/thr_1e-4/data_5/scipy_1,MATCH
3_data_25000,1e-4,data_5,2,-2375473.9071571827,-2375473.9071571827,0.0,../1_solve/solution/3_data_25000/thr_1e-4/data_5/scipy_2,MATCH
3_data_25000,1e-4,data_5,3,-2375479.603050232,-2375479.603050232,0.0,../1_solve/solution/3_data_25000/thr_1e-4/data_5/scipy_3,MATCH
3_data_25000,1e-4,data_5,4,-2374399.94486928,-2374399.94486928,0.0,../1_solve/solution/3_data_25000/thr_1e-4/data_5/scipy_4,MATCH
3_data_25000,1e-4,data_5,5,-2370073.5875462294,-2370073.5875462294,0.0,../1_solve/solution/3_data_25000/thr_1e-4/data_5/scipy_5,MATCH
3_data_25000,1e-5,data_1,1,-2373242.5825995207,-2373242.5825995207,0.0,../1_solve/solution/3_data_25000/thr_1e-5/data_1/scipy_1,MATCH
3_data_25000,1e-5,data_1,2,-2370243.9580699205,-2370243.9580699205,0.0,../1_solve/solution/3_data_25000/thr_1e-5/data_1/scipy_2,MATCH
3_data_25000,1e-5,data_1,3,-2372879.504750371,-2372879.504750371,0.0,../1_solve/solution/3_data_25000/thr_1e-5/data_1/scipy_3,MATCH
3_data_25000,1e-5,data_1,4,-2376139.3241499662,-2376139.3241499662,0.0,../1_solve/solution/3_data_25000/thr_1e-5/data_1/scipy_4,MATCH
3_data_25000,1e-5,data_1,5,-2370669.3549306393,-2370669.3549306393,0.0,../1_solve/solution/3_data_25000/thr_1e-5/data_1/scipy_5,MATCH
3_data_25000,1e-5,data_2,1,-2335973.3967422247,-2335973.3967422247,0.0,../1_solve/solution/3_data_25000/thr_1e-5/data_2/scipy_1,MATCH
3_data_25000,1e-5,data_2,2,-2337762.452247143,-2337762.452247143,0.0,../1_solve/solution/3_data_25000/thr_1e-5/data_2/scipy_2,MATCH
3_data_25000,1e-5,data_2,3,-2336554.2428712845,-2336554.2428712845,0.0,../1_solve/solution/3_data_25000/thr_1e-5/data_2/scipy_3,MATCH
3_data_25000,1e-5,data_2,4,-2337858.849567771,-2337858.849567771,0.0,../1_solve/solution/3_data_25000/thr_1e-5/data_2/scipy_4,MATCH
3_data_25000,1e-5,data_2,5,-2344916.2330904007,-2344916.2330904007,0.0,../1_solve/solution/3_data_25000/thr_1e-5/data_2/scipy_5,MATCH
3_data_25000,1e-5,data_3,1,-2376934.322106242,-2376934.322106242,0.0,../1_solve/solution/3_data_25000/thr_1e-5/data_3/scipy_1,MATCH
3_data_25000,1e-5,data_3,2,-2376845.85187304,-2376845.85187304,0.0,../1_solve/solution/3_data_25000/thr_1e-5/data_3/scipy_2,MATCH
3_data_25000,1e-5,data_3,3,-2375721.423113227,-2375721.423113227,0.0,../1_solve/solution/3_data_25000/thr_1e-5/data_3/scipy_3,MATCH
3_data_25000,1e-5,data_3,4,-2375457.5318022966,-2375457.5318022966,0.0,../1_solve/solution/3_data_25000/thr_1e-5/data_3/scipy_4,MATCH
3_data_25000,1e-5,data_3,5,-2375717.27761209,-2375717.27761209,0.0,../1_solve/solution/3_data_25000/thr_1e-5/data_3/scipy_5,MATCH
3_data_25000,1e-5,data_4,1,-2370572.412940979,-2370572.412940979,0.0,../1_solve/solution/3_data_25000/thr_1e-5/data_4/scipy_1,MATCH
3_data_25000,1e-5,data_4,2,-2371576.2018307447,-2371576.2018307447,0.0,../1_solve/solution/3_data_25000/thr_1e-5/data_4/scipy_2,MATCH
3_data_25000,1e-5,data_4,3,-2374817.1387438774,-2374817.1387438774,0.0,../1_solve/solution/3_data_25000/thr_1e-5/data_4/scipy_3,MATCH
3_data_25000,1e-5,data_4,4,-2374674.7685394287,-2374674.7685394287,0.0,../1_solve/solution/3_data_25000/thr_1e-5/data_4/scipy_4,MATCH
3_data_25000,1e-5,data_4,5,-2378230.326507449,-2378230.326507449,0.0,../1_solve/solution/3_data_25000/thr_1e-5/data_4/scipy_5,MATCH
3_data_25000,1e-5,data_5,1,-2379284.206145406,-2379284.206145406,0.0,../1_solve/solution/3_data_25000/thr_1e-5/data_5/scipy_1,MATCH
3_data_25000,1e-5,data_5,2,-2380243.2501677275,-2380243.2501677275,0.0,../1_solve/solution/3_data_25000/thr_1e-5/data_5/scipy_2,MATCH
3_data_25000,1e-5,data_5,3,-2381770.1121947765,-2381770.1121947765,0.0,../1_solve/solution/3_data_25000/thr_1e-5/data_5/scipy_3,MATCH
3_data_25000,1e-5,data_5,4,-2374399.94486928,-2374399.94486928,0.0,../1_solve/solution/3_data_25000/thr_1e-5/data_5/scipy_4,MATCH
3_data_25000,1e-5,data_5,5,-2379165.257769823,-2379165.257769823,0.0,../1_solve/solution/3_data_25000/thr_1e-5/data_5/scipy_5,MATCH
3_data_25000,1e-6,data_1,1,-2382444.4907232523,-2382444.4907232523,0.0,../1_solve/solution/3_data_25000/thr_1e-6/data_1/scipy_1,MATCH
3_data_25000,1e-6,data_1,2,-2376998.503909111,-2376998.503909111,0.0,../1_solve/solution/3_data_25000/thr_1e-6/data_1/scipy_2,MATCH
3_data_25000,1e-6,data_1,3,-2381228.709066391,-2381228.709066391,0.0,../1_solve/solution/3_data_25000/thr_1e-6/data_1/scipy_3,MATCH
3_data_25000,1e-6,data_1,4,-2376701.350202203,-2376701.350202203,0.0,../1_solve/solution/3_data_25000/thr_1e-6/data_1/scipy_4,MATCH
3_data_25000,1e-6,data_1,5,-2379974.6684479713,-2379974.6684479713,0.0,../1_solve/solution/3_data_25000/thr_1e-6/data_1/scipy_5,MATCH
3_data_25000,1e-6,data_2,1,-2346814.8280597925,-2346814.8280597925,0.0,../1_solve/solution/3_data_25000/thr_1e-6/data_2/scipy_1,MATCH
3_data_25000,1e-6,data_2,2,-2345413.4625496864,-2345413.4625496864,0.0,../1_solve/solution/3_data_25000/thr_1e-6/data_2/scipy_2,MATCH
3_data_25000,1e-6,data_2,3,-2345903.4741876125,-2345903.4741876125,0.0,../1_solve/solution/3_data_25000/thr_1e-6/data_2/scipy_3,MATCH
3_data_25000,1e-6,data_2,4,-2344383.2833594084,-2344383.2833594084,0.0,../1_solve/solution/3_data_25000/thr_1e-6/data_2/scipy_4,MATCH
3_data_25000,1e-6,data_2,5,-2349905.8144928217,-2349905.8144928217,0.0,../1_solve/solution/3_data_25000/thr_1e-6/data_2/scipy_5,MATCH
3_data_25000,1e-6,data_3,1,-2376934.322106242,-2376934.322106242,0.0,../1_solve/solution/3_data_25000/thr_1e-6/data_3/scipy_1,MATCH
3_data_25000,1e-6,data_3,2,-2381151.3427485228,-2381151.3427485228,0.0,../1_solve/solution/3_data_25000/thr_1e-6/data_3/scipy_2,MATCH
3_data_25000,1e-6,data_3,3,-2383134.2828714848,-2383134.2828714848,0.0,../1_solve/solution/3_data_25000/thr_1e-6/data_3/scipy_3,MATCH
3_data_25000,1e-6,data_3,4,-2383108.120126009,-2383108.120126009,0.0,../1_solve/solution/3_data_25000/thr_1e-6/data_3/scipy_4,MATCH
3_data_25000,1e-6,data_3,5,-2387140.560763836,-2387140.560763836,0.0,../1_solve/solution/3_data_25000/thr_1e-6/data_3/scipy_5,MATCH
3_data_25000,1e-6,data_4,1,-2386337.02073431,-2386337.02073431,0.0,../1_solve/solution/3_data_25000/thr_1e-6/data_4/scipy_1,MATCH
3_data_25000,1e-6,data_4,2,-2379339.0410175323,-2379339.0410175323,0.0,../1_solve/solution/3_data_25000/thr_1e-6/data_4/scipy_2,MATCH
3_data_25000,1e-6,data_4,3,-2384230.523261428,-2384230.523261428,0.0,../1_solve/solution/3_data_25000/thr_1e-6/data_4/scipy_3,MATCH
3_data_25000,1e-6,data_4,4,-2388473.511835456,-2388473.511835456,0.0,../1_solve/solution/3_data_25000/thr_1e-6/data_4/scipy_4,MATCH
3_data_25000,1e-6,data_4,5,-2382578.04813385,-2382578.04813385,0.0,../1_solve/solution/3_data_25000/thr_1e-6/data_4/scipy_5,MATCH
3_data_25000,1e-6,data_5,1,-2391106.1966222525,-2391106.1966222525,0.0,../1_solve/solution/3_data_25000/thr_1e-6/data_5/scipy_1,MATCH
3_data_25000,1e-6,data_5,2,-2392087.1427241564,-2392087.1427241564,0.0,../1_solve/solution/3_data_25000/thr_1e-6/data_5/scipy_2,MATCH
3_data_25000,1e-6,data_5,3,-2389795.757612705,-2389795.757612705,0.0,../1_solve/solution/3_data_25000/thr_1e-6/data_5/scipy_3,MATCH
3_data_25000,1e-6,data_5,4,-2390033.419911027,-2390033.419911027,0.0,../1_solve/solution/3_data_25000/thr_1e-6/data_5/scipy_4,MATCH
3_data_25000,1e-6,data_5,5,-2389969.2892827988,-2389969.2892827988,0.0,../1_solve/solution/3_data_25000/thr_1e-6/data_5/scipy_5,MATCH
