data_folder,data_id,seed,pytorch_verified_energy,pyqubo_reported_energy,energy_difference,pyqubo_result_file,status
1_data_1000,data_1,1,-20044.8671875,-20044.86627471447,-0.000912785530090332,../1_solve/solution/1_data_1000/data_1/pyqubo_1,MATCH
1_data_1000,data_1,2,-20044.8671875,-20044.86627471447,-0.000912785530090332,../1_solve/solution/1_data_1000/data_1/pyqubo_2,MATCH
1_data_1000,data_1,3,-20044.8671875,-20044.86627471447,-0.000912785530090332,../1_solve/solution/1_data_1000/data_1/pyqubo_3,MATCH
1_data_1000,data_1,4,-20044.8671875,-20044.86627471447,-0.000912785530090332,../1_solve/solution/1_data_1000/data_1/pyqubo_4,MATCH
1_data_1000,data_1,5,-20044.8671875,-20044.86627471447,-0.000912785530090332,../1_solve/solution/1_data_1000/data_1/pyqubo_5,MATCH
1_data_1000,data_2,1,-19361.787109375,-19361.78524839878,-0.001860976219177246,../1_solve/solution/1_data_1000/data_2/pyqubo_1,MATCH
1_data_1000,data_2,2,-19361.787109375,-19361.78524839878,-0.001860976219177246,../1_solve/solution/1_data_1000/data_2/pyqubo_2,MATCH
1_data_1000,data_2,3,-19359.796875,-19359.79550755024,-0.0013674497604370117,../1_solve/solution/1_data_1000/data_2/pyqubo_3,MATCH
1_data_1000,data_2,4,-19361.787109375,-19361.78524839878,-0.001860976219177246,../1_solve/solution/1_data_1000/data_2/pyqubo_4,MATCH
1_data_1000,data_2,5,-19361.787109375,-19361.78524839878,-0.001860976219177246,../1_solve/solution/1_data_1000/data_2/pyqubo_5,MATCH
1_data_1000,data_3,1,-19907.21875,-19907.22038090229,0.0016309022903442383,../1_solve/solution/1_data_1000/data_3/pyqubo_1,MATCH
1_data_1000,data_3,2,-19907.21875,-19907.22038090229,0.0016309022903442383,../1_solve/solution/1_data_1000/data_3/pyqubo_2,MATCH
1_data_1000,data_3,3,-19907.21875,-19907.22038090229,0.0016309022903442383,../1_solve/solution/1_data_1000/data_3/pyqubo_3,MATCH
1_data_1000,data_3,4,-19906.271484375,-19906.2725212574,0.0010368824005126953,../1_solve/solution/1_data_1000/data_3/pyqubo_4,MATCH
1_data_1000,data_3,5,-19907.21875,-19907.22038090229,0.0016309022903442383,../1_solve/solution/1_data_1000/data_3/pyqubo_5,MATCH
1_data_1000,data_4,1,-20978.794921875,-20978.794408082962,-0.0005137920379638672,../1_solve/solution/1_data_1000/data_4/pyqubo_1,MATCH
1_data_1000,data_4,2,-20979.431640625,-20979.43148982525,-0.00015079975128173828,../1_solve/solution/1_data_1000/data_4/pyqubo_2,MATCH
1_data_1000,data_4,3,-20979.431640625,-20979.43148982525,-0.00015079975128173828,../1_solve/solution/1_data_1000/data_4/pyqubo_3,MATCH
1_data_1000,data_4,4,-20979.431640625,-20979.43148982525,-0.00015079975128173828,../1_solve/solution/1_data_1000/data_4/pyqubo_4,MATCH
1_data_1000,data_4,5,-20978.345703125,-20978.347632050514,0.0019289255142211914,../1_solve/solution/1_data_1000/data_4/pyqubo_5,MATCH
1_data_1000,data_5,1,-19107.365234375,-19107.363965153694,-0.001269221305847168,../1_solve/solution/1_data_1000/data_5/pyqubo_1,MATCH
1_data_1000,data_5,2,-19107.365234375,-19107.363965153694,-0.001269221305847168,../1_solve/solution/1_data_1000/data_5/pyqubo_2,MATCH
1_data_1000,data_5,3,-19107.365234375,-19107.363965153694,-0.001269221305847168,../1_solve/solution/1_data_1000/data_5/pyqubo_3,MATCH
1_data_1000,data_5,4,-19107.365234375,-19107.363965153694,-0.001269221305847168,../1_solve/solution/1_data_1000/data_5/pyqubo_4,MATCH
1_data_1000,data_5,5,-19107.365234375,-19107.363965153694,-0.001269221305847168,../1_solve/solution/1_data_1000/data_5/pyqubo_5,MATCH
2_data_6000,data_1,1,-284490.8125,-284490.81843447685,0.005934476852416992,../1_solve/solution/2_data_6000/data_1/pyqubo_1,MATCH
2_data_6000,data_1,2,-284581.0,-284581.020175457,0.020175457000732422,../1_solve/solution/2_data_6000/data_1/pyqubo_2,MATCH
2_data_6000,data_1,3,-284679.75,-284679.737467289,-0.012532711029052734,../1_solve/solution/2_data_6000/data_1/pyqubo_3,MATCH
2_data_6000,data_1,4,-284561.8125,-284561.83066272736,0.01816272735595703,../1_solve/solution/2_data_6000/data_1/pyqubo_4,MATCH
2_data_6000,data_1,5,-284548.4375,-284548.4523009062,0.01480090618133545,../1_solve/solution/2_data_6000/data_1/pyqubo_5,MATCH
2_data_6000,data_2,1,-285345.5,-285345.5338970423,0.0338970422744751,../1_solve/solution/2_data_6000/data_2/pyqubo_1,MATCH
2_data_6000,data_2,2,-285366.84375,-285366.81896829605,-0.02478170394897461,../1_solve/solution/2_data_6000/data_2/pyqubo_2,MATCH
2_data_6000,data_2,3,-285321.625,-285321.61001110077,-0.014988899230957031,../1_solve/solution/2_data_6000/data_2/pyqubo_3,MATCH
2_data_6000,data_2,4,-285270.25,-285270.2614182234,0.01141822338104248,../1_solve/solution/2_data_6000/data_2/pyqubo_4,MATCH
2_data_6000,data_2,5,-285358.1875,-285358.1809107065,-0.006589293479919434,../1_solve/solution/2_data_6000/data_2/pyqubo_5,MATCH
2_data_6000,data_3,1,-289313.5,-289313.51969361305,0.019693613052368164,../1_solve/solution/2_data_6000/data_3/pyqubo_1,MATCH
2_data_6000,data_3,2,-289369.5,-289369.4810606241,-0.01893937587738037,../1_solve/solution/2_data_6000/data_3/pyqubo_2,MATCH
2_data_6000,data_3,3,-289373.40625,-289373.409717083,0.003467082977294922,../1_solve/solution/2_data_6000/data_3/pyqubo_3,MATCH
2_data_6000,data_3,4,-289360.9375,-289360.9183064699,-0.019193530082702637,../1_solve/solution/2_data_6000/data_3/pyqubo_4,MATCH
2_data_6000,data_3,5,-289371.9375,-289371.95270609856,0.015206098556518555,../1_solve/solution/2_data_6000/data_3/pyqubo_5,MATCH
2_data_6000,data_4,1,-279892.40625,-279892.4091171026,0.00286710262298584,../1_solve/solution/2_data_6000/data_4/pyqubo_1,MATCH
2_data_6000,data_4,2,-279969.03125,-279969.01893150806,-0.01231849193572998,../1_solve/solution/2_data_6000/data_4/pyqubo_2,MATCH
2_data_6000,data_4,3,-279936.59375,-279936.6010943651,0.007344365119934082,../1_solve/solution/2_data_6000/data_4/pyqubo_3,MATCH
2_data_6000,data_4,4,-280175.9375,-280175.94358313084,0.006083130836486816,../1_solve/solution/2_data_6000/data_4/pyqubo_4,MATCH
2_data_6000,data_4,5,-280084.4375,-280084.3954586983,-0.04204130172729492,../1_solve/solution/2_data_6000/data_4/pyqubo_5,MATCH
2_data_6000,data_5,1,-276197.125,-276197.1088216305,-0.016178369522094727,../1_solve/solution/2_data_6000/data_5/pyqubo_1,MATCH
2_data_6000,data_5,2,-276151.25,-276151.25486159325,0.004861593246459961,../1_solve/solution/2_data_6000/data_5/pyqubo_2,MATCH
2_data_6000,data_5,3,-276205.5,-276205.4794074297,-0.020592570304870605,../1_solve/solution/2_data_6000/data_5/pyqubo_3,MATCH
2_data_6000,data_5,4,-276107.75,-276107.74539506435,-0.004604935646057129,../1_solve/solution/2_data_6000/data_5/pyqubo_4,MATCH
2_data_6000,data_5,5,-276070.625,-276070.60389482975,-0.021105170249938965,../1_solve/solution/2_data_6000/data_5/pyqubo_5,MATCH
