data_folder,threshold,data_id,seed,pytorch_verified_energy,pytorch_reported_energy,energy_difference,pytorch_result_file,status
1_data_1000,1e-1,data_1,1,-19664.861328125,-19664.859375,-0.001953125,../1_solve/solution/1_data_1000/thr_1e-1/data_1/pytorch_1,MATCH
1_data_1000,1e-1,data_1,2,-19604.5859375,-19604.5859375,0.0,../1_solve/solution/1_data_1000/thr_1e-1/data_1/pytorch_2,MATCH
1_data_1000,1e-1,data_1,3,-19746.0,-19746.0,0.0,../1_solve/solution/1_data_1000/thr_1e-1/data_1/pytorch_3,MATCH
1_data_1000,1e-1,data_1,4,-19754.548828125,-19754.548828125,0.0,../1_solve/solution/1_data_1000/thr_1e-1/data_1/pytorch_4,MATCH
1_data_1000,1e-1,data_1,5,-19587.087890625,-19587.08984375,0.001953125,../1_solve/solution/1_data_1000/thr_1e-1/data_1/pytorch_5,MATCH
1_data_1000,1e-1,data_2,1,-18747.70703125,-18747.70703125,0.0,../1_solve/solution/1_data_1000/thr_1e-1/data_2/pytorch_1,MATCH
1_data_1000,1e-1,data_2,2,-18822.84375,-18822.845703125,0.001953125,../1_solve/solution/1_data_1000/thr_1e-1/data_2/pytorch_2,MATCH
1_data_1000,1e-1,data_2,3,-18841.64453125,-18841.64453125,0.0,../1_solve/solution/1_data_1000/thr_1e-1/data_2/pytorch_3,MATCH
1_data_1000,1e-1,data_2,4,-18839.13671875,-18839.138671875,0.001953125,../1_solve/solution/1_data_1000/thr_1e-1/data_2/pytorch_4,MATCH
1_data_1000,1e-1,data_2,5,-18873.541015625,-18873.54296875,0.001953125,../1_solve/solution/1_data_1000/thr_1e-1/data_2/pytorch_5,MATCH
1_data_1000,1e-1,data_3,1,-19366.453125,-19366.453125,0.0,../1_solve/solution/1_data_1000/thr_1e-1/data_3/pytorch_1,MATCH
1_data_1000,1e-1,data_3,2,-19393.73828125,-19393.740234375,0.001953125,../1_solve/solution/1_data_1000/thr_1e-1/data_3/pytorch_2,MATCH
1_data_1000,1e-1,data_3,3,-19451.423828125,-19451.421875,-0.001953125,../1_solve/solution/1_data_1000/thr_1e-1/data_3/pytorch_3,MATCH
1_data_1000,1e-1,data_3,4,-19361.50390625,-19361.50390625,0.0,../1_solve/solution/1_data_1000/thr_1e-1/data_3/pytorch_4,MATCH
1_data_1000,1e-1,data_3,5,-19400.06640625,-19400.06640625,0.0,../1_solve/solution/1_data_1000/thr_1e-1/data_3/pytorch_5,MATCH
1_data_1000,1e-1,data_4,1,-20497.2578125,-20497.2578125,0.0,../1_solve/solution/1_data_1000/thr_1e-1/data_4/pytorch_1,MATCH
1_data_1000,1e-1,data_4,2,-20706.66796875,-20706.66796875,0.0,../1_solve/solution/1_data_1000/thr_1e-1/data_4/pytorch_2,MATCH
1_data_1000,1e-1,data_4,3,-20524.98046875,-20524.98046875,0.0,../1_solve/solution/1_data_1000/thr_1e-1/data_4/pytorch_3,MATCH
1_data_1000,1e-1,data_4,4,-20684.12109375,-20684.123046875,0.001953125,../1_solve/solution/1_data_1000/thr_1e-1/data_4/pytorch_4,MATCH
1_data_1000,1e-1,data_4,5,-20511.044921875,-20511.046875,0.001953125,../1_solve/solution/1_data_1000/thr_1e-1/data_4/pytorch_5,MATCH
1_data_1000,1e-1,data_5,1,-18659.25,-18659.25,0.0,../1_solve/solution/1_data_1000/thr_1e-1/data_5/pytorch_1,MATCH
1_data_1000,1e-1,data_5,2,-18484.9375,-18484.9375,0.0,../1_solve/solution/1_data_1000/thr_1e-1/data_5/pytorch_2,MATCH
1_data_1000,1e-1,data_5,3,-18653.970703125,-18653.96875,-0.001953125,../1_solve/solution/1_data_1000/thr_1e-1/data_5/pytorch_3,MATCH
1_data_1000,1e-1,data_5,4,-18552.296875,-18552.296875,0.0,../1_solve/solution/1_data_1000/thr_1e-1/data_5/pytorch_4,MATCH
1_data_1000,1e-1,data_5,5,-18622.54296875,-18622.54296875,0.0,../1_solve/solution/1_data_1000/thr_1e-1/data_5/pytorch_5,MATCH
1_data_1000,1e-2,data_1,1,-19718.43359375,-19718.431640625,-0.001953125,../1_solve/solution/1_data_1000/thr_1e-2/data_1/pytorch_1,MATCH
1_data_1000,1e-2,data_1,2,-19719.734375,-19719.734375,0.0,../1_solve/solution/1_data_1000/thr_1e-2/data_1/pytorch_2,MATCH
1_data_1000,1e-2,data_1,3,-19796.626953125,-19796.626953125,0.0,../1_solve/solution/1_data_1000/thr_1e-2/data_1/pytorch_3,MATCH
1_data_1000,1e-2,data_1,4,-19812.296875,-19812.296875,0.0,../1_solve/solution/1_data_1000/thr_1e-2/data_1/pytorch_4,MATCH
1_data_1000,1e-2,data_1,5,-19598.8203125,-19598.8203125,0.0,../1_solve/solution/1_data_1000/thr_1e-2/data_1/pytorch_5,MATCH
1_data_1000,1e-2,data_2,1,-18776.2890625,-18776.2890625,0.0,../1_solve/solution/1_data_1000/thr_1e-2/data_2/pytorch_1,MATCH
1_data_1000,1e-2,data_2,2,-18858.716796875,-18858.716796875,0.0,../1_solve/solution/1_data_1000/thr_1e-2/data_2/pytorch_2,MATCH
1_data_1000,1e-2,data_2,3,-18898.640625,-18898.640625,0.0,../1_solve/solution/1_data_1000/thr_1e-2/data_2/pytorch_3,MATCH
1_data_1000,1e-2,data_2,4,-18865.96484375,-18865.96484375,0.0,../1_solve/solution/1_data_1000/thr_1e-2/data_2/pytorch_4,MATCH
1_data_1000,1e-2,data_2,5,-18919.599609375,-18919.599609375,0.0,../1_solve/solution/1_data_1000/thr_1e-2/data_2/pytorch_5,MATCH
1_data_1000,1e-2,data_3,1,-19431.416015625,-19431.4140625,-0.001953125,../1_solve/solution/1_data_1000/thr_1e-2/data_3/pytorch_1,MATCH
1_data_1000,1e-2,data_3,2,-19404.841796875,-19404.841796875,0.0,../1_solve/solution/1_data_1000/thr_1e-2/data_3/pytorch_2,MATCH
1_data_1000,1e-2,data_3,3,-19486.205078125,-19486.205078125,0.0,../1_solve/solution/1_data_1000/thr_1e-2/data_3/pytorch_3,MATCH
1_data_1000,1e-2,data_3,4,-19418.833984375,-19418.8359375,0.001953125,../1_solve/solution/1_data_1000/thr_1e-2/data_3/pytorch_4,MATCH
1_data_1000,1e-2,data_3,5,-19451.685546875,-19451.68359375,-0.001953125,../1_solve/solution/1_data_1000/thr_1e-2/data_3/pytorch_5,MATCH
1_data_1000,1e-2,data_4,1,-20536.31640625,-20536.318359375,0.001953125,../1_solve/solution/1_data_1000/thr_1e-2/data_4/pytorch_1,MATCH
1_data_1000,1e-2,data_4,2,-20712.91796875,-20712.919921875,0.001953125,../1_solve/solution/1_data_1000/thr_1e-2/data_4/pytorch_2,MATCH
1_data_1000,1e-2,data_4,3,-20570.90625,-20570.908203125,0.001953125,../1_solve/solution/1_data_1000/thr_1e-2/data_4/pytorch_3,MATCH
1_data_1000,1e-2,data_4,4,-20702.177734375,-20702.1796875,0.001953125,../1_solve/solution/1_data_1000/thr_1e-2/data_4/pytorch_4,MATCH
1_data_1000,1e-2,data_4,5,-20547.6953125,-20547.697265625,0.001953125,../1_solve/solution/1_data_1000/thr_1e-2/data_4/pytorch_5,MATCH
1_data_1000,1e-2,data_5,1,-18695.212890625,-18695.212890625,0.0,../1_solve/solution/1_data_1000/thr_1e-2/data_5/pytorch_1,MATCH
1_data_1000,1e-2,data_5,2,-18532.59375,-18532.59375,0.0,../1_solve/solution/1_data_1000/thr_1e-2/data_5/pytorch_2,MATCH
1_data_1000,1e-2,data_5,3,-18694.099609375,-18694.099609375,0.0,../1_solve/solution/1_data_1000/thr_1e-2/data_5/pytorch_3,MATCH
1_data_1000,1e-2,data_5,4,-18670.90234375,-18670.90234375,0.0,../1_solve/solution/1_data_1000/thr_1e-2/data_5/pytorch_4,MATCH
1_data_1000,1e-2,data_5,5,-18658.1640625,-18658.1640625,0.0,../1_solve/solution/1_data_1000/thr_1e-2/data_5/pytorch_5,MATCH
1_data_1000,1e-3,data_1,1,-19718.43359375,-19718.431640625,-0.001953125,../1_solve/solution/1_data_1000/thr_1e-3/data_1/pytorch_1,MATCH
1_data_1000,1e-3,data_1,2,-19765.515625,-19765.517578125,0.001953125,../1_solve/solution/1_data_1000/thr_1e-3/data_1/pytorch_2,MATCH
1_data_1000,1e-3,data_1,3,-19862.171875,-19862.173828125,0.001953125,../1_solve/solution/1_data_1000/thr_1e-3/data_1/pytorch_3,MATCH
1_data_1000,1e-3,data_1,4,-19924.44140625,-19924.443359375,0.001953125,../1_solve/solution/1_data_1000/thr_1e-3/data_1/pytorch_4,MATCH
1_data_1000,1e-3,data_1,5,-19604.830078125,-19604.830078125,0.0,../1_solve/solution/1_data_1000/thr_1e-3/data_1/pytorch_5,MATCH
1_data_1000,1e-3,data_2,1,-18959.193359375,-18959.1953125,0.001953125,../1_solve/solution/1_data_1000/thr_1e-3/data_2/pytorch_1,MATCH
1_data_1000,1e-3,data_2,2,-18974.22265625,-18974.22265625,0.0,../1_solve/solution/1_data_1000/thr_1e-3/data_2/pytorch_2,MATCH
1_data_1000,1e-3,data_2,3,-19062.53125,-19062.53125,0.0,../1_solve/solution/1_data_1000/thr_1e-3/data_2/pytorch_3,MATCH
1_data_1000,1e-3,data_2,4,-18882.705078125,-18882.705078125,0.0,../1_solve/solution/1_data_1000/thr_1e-3/data_2/pytorch_4,MATCH
1_data_1000,1e-3,data_2,5,-18925.0625,-18925.060546875,-0.001953125,../1_solve/solution/1_data_1000/thr_1e-3/data_2/pytorch_5,MATCH
1_data_1000,1e-3,data_3,1,-19608.26171875,-19608.26171875,0.0,../1_solve/solution/1_data_1000/thr_1e-3/data_3/pytorch_1,MATCH
1_data_1000,1e-3,data_3,2,-19424.0546875,-19424.0546875,0.0,../1_solve/solution/1_data_1000/thr_1e-3/data_3/pytorch_2,MATCH
1_data_1000,1e-3,data_3,3,-19597.19140625,-19597.19140625,0.0,../1_solve/solution/1_data_1000/thr_1e-3/data_3/pytorch_3,MATCH
1_data_1000,1e-3,data_3,4,-19566.546875,-19566.546875,0.0,../1_solve/solution/1_data_1000/thr_1e-3/data_3/pytorch_4,MATCH
1_data_1000,1e-3,data_3,5,-19601.884765625,-19601.884765625,0.0,../1_solve/solution/1_data_1000/thr_1e-3/data_3/pytorch_5,MATCH
1_data_1000,1e-3,data_4,1,-20711.158203125,-20711.158203125,0.0,../1_solve/solution/1_data_1000/thr_1e-3/data_4/pytorch_1,MATCH
1_data_1000,1e-3,data_4,2,-20781.064453125,-20781.06640625,0.001953125,../1_solve/solution/1_data_1000/thr_1e-3/data_4/pytorch_2,MATCH
1_data_1000,1e-3,data_4,3,-20642.806640625,-20642.80859375,0.001953125,../1_solve/solution/1_data_1000/thr_1e-3/data_4/pytorch_3,MATCH
1_data_1000,1e-3,data_4,4,-20746.443359375,-20746.443359375,0.0,../1_solve/solution/1_data_1000/thr_1e-3/data_4/pytorch_4,MATCH
1_data_1000,1e-3,data_4,5,-20692.66796875,-20692.669921875,0.001953125,../1_solve/solution/1_data_1000/thr_1e-3/data_4/pytorch_5,MATCH
1_data_1000,1e-3,data_5,1,-18721.396484375,-18721.39453125,-0.001953125,../1_solve/solution/1_data_1000/thr_1e-3/data_5/pytorch_1,MATCH
1_data_1000,1e-3,data_5,2,-18794.22265625,-18794.22265625,0.0,../1_solve/solution/1_data_1000/thr_1e-3/data_5/pytorch_2,MATCH
1_data_1000,1e-3,data_5,3,-18827.2421875,-18827.240234375,-0.001953125,../1_solve/solution/1_data_1000/thr_1e-3/data_5/pytorch_3,MATCH
1_data_1000,1e-3,data_5,4,-18772.216796875,-18772.21484375,-0.001953125,../1_solve/solution/1_data_1000/thr_1e-3/data_5/pytorch_4,MATCH
1_data_1000,1e-3,data_5,5,-18739.6484375,-18739.6484375,0.0,../1_solve/solution/1_data_1000/thr_1e-3/data_5/pytorch_5,MATCH
1_data_1000,1e-4,data_1,1,-19718.43359375,-19718.431640625,-0.001953125,../1_solve/solution/1_data_1000/thr_1e-4/data_1/pytorch_1,MATCH
1_data_1000,1e-4,data_1,2,-19773.873046875,-19773.875,0.001953125,../1_solve/solution/1_data_1000/thr_1e-4/data_1/pytorch_2,MATCH
1_data_1000,1e-4,data_1,3,-19878.408203125,-19878.41015625,0.001953125,../1_solve/solution/1_data_1000/thr_1e-4/data_1/pytorch_3,MATCH
1_data_1000,1e-4,data_1,4,-19938.8125,-19938.8125,0.0,../1_solve/solution/1_data_1000/thr_1e-4/data_1/pytorch_4,MATCH
1_data_1000,1e-4,data_1,5,-19604.830078125,-19604.830078125,0.0,../1_solve/solution/1_data_1000/thr_1e-4/data_1/pytorch_5,MATCH
1_data_1000,1e-4,data_2,1,-18999.970703125,-18999.970703125,0.0,../1_solve/solution/1_data_1000/thr_1e-4/data_2/pytorch_1,MATCH
1_data_1000,1e-4,data_2,2,-19039.71875,-19039.71875,0.0,../1_solve/solution/1_data_1000/thr_1e-4/data_2/pytorch_2,MATCH
1_data_1000,1e-4,data_2,3,-19107.23046875,-19107.23046875,0.0,../1_solve/solution/1_data_1000/thr_1e-4/data_2/pytorch_3,MATCH
1_data_1000,1e-4,data_2,4,-19150.76171875,-19150.759765625,-0.001953125,../1_solve/solution/1_data_1000/thr_1e-4/data_2/pytorch_4,MATCH
1_data_1000,1e-4,data_2,5,-19014.2109375,-19014.2109375,0.0,../1_solve/solution/1_data_1000/thr_1e-4/data_2/pytorch_5,MATCH
1_data_1000,1e-4,data_3,1,-19618.4140625,-19618.4140625,0.0,../1_solve/solution/1_data_1000/thr_1e-4/data_3/pytorch_1,MATCH
1_data_1000,1e-4,data_3,2,-19425.90625,-19425.90625,0.0,../1_solve/solution/1_data_1000/thr_1e-4/data_3/pytorch_2,MATCH
1_data_1000,1e-4,data_3,3,-19606.11328125,-19606.11328125,0.0,../1_solve/solution/1_data_1000/thr_1e-4/data_3/pytorch_3,MATCH
1_data_1000,1e-4,data_3,4,-19592.578125,-19592.578125,0.0,../1_solve/solution/1_data_1000/thr_1e-4/data_3/pytorch_4,MATCH
1_data_1000,1e-4,data_3,5,-19602.08203125,-19602.08203125,0.0,../1_solve/solution/1_data_1000/thr_1e-4/data_3/pytorch_5,MATCH
1_data_1000,1e-4,data_4,1,-20718.779296875,-20718.779296875,0.0,../1_solve/solution/1_data_1000/thr_1e-4/data_4/pytorch_1,MATCH
1_data_1000,1e-4,data_4,2,-20831.318359375,-20831.318359375,0.0,../1_solve/solution/1_data_1000/thr_1e-4/data_4/pytorch_2,MATCH
1_data_1000,1e-4,data_4,3,-20711.580078125,-20711.58203125,0.001953125,../1_solve/solution/1_data_1000/thr_1e-4/data_4/pytorch_3,MATCH
1_data_1000,1e-4,data_4,4,-20766.7109375,-20766.712890625,0.001953125,../1_solve/solution/1_data_1000/thr_1e-4/data_4/pytorch_4,MATCH
1_data_1000,1e-4,data_4,5,-20705.375,-20705.376953125,0.001953125,../1_solve/solution/1_data_1000/thr_1e-4/data_4/pytorch_5,MATCH
1_data_1000,1e-4,data_5,1,-18888.30078125,-18888.298828125,-0.001953125,../1_solve/solution/1_data_1000/thr_1e-4/data_5/pytorch_1,MATCH
1_data_1000,1e-4,data_5,2,-18807.609375,-18807.607421875,-0.001953125,../1_solve/solution/1_data_1000/thr_1e-4/data_5/pytorch_2,MATCH
1_data_1000,1e-4,data_5,3,-18827.2421875,-18827.240234375,-0.001953125,../1_solve/solution/1_data_1000/thr_1e-4/data_5/pytorch_3,MATCH
1_data_1000,1e-4,data_5,4,-18829.4453125,-18829.4453125,0.0,../1_solve/solution/1_data_1000/thr_1e-4/data_5/pytorch_4,MATCH
1_data_1000,1e-4,data_5,5,-18770.435546875,-18770.43359375,-0.001953125,../1_solve/solution/1_data_1000/thr_1e-4/data_5/pytorch_5,MATCH
1_data_1000,1e-5,data_1,1,-19793.806640625,-19793.806640625,0.0,../1_solve/solution/1_data_1000/thr_1e-5/data_1/pytorch_1,MATCH
1_data_1000,1e-5,data_1,2,-19773.873046875,-19773.875,0.001953125,../1_solve/solution/1_data_1000/thr_1e-5/data_1/pytorch_2,MATCH
1_data_1000,1e-5,data_1,3,-19913.20703125,-19913.20703125,0.0,../1_solve/solution/1_data_1000/thr_1e-5/data_1/pytorch_3,MATCH
1_data_1000,1e-5,data_1,4,-19938.8125,-19938.8125,0.0,../1_solve/solution/1_data_1000/thr_1e-5/data_1/pytorch_4,MATCH
1_data_1000,1e-5,data_1,5,-19649.115234375,-19649.1171875,0.001953125,../1_solve/solution/1_data_1000/thr_1e-5/data_1/pytorch_5,MATCH
1_data_1000,1e-5,data_2,1,-18999.970703125,-18999.970703125,0.0,../1_solve/solution/1_data_1000/thr_1e-5/data_2/pytorch_1,MATCH
1_data_1000,1e-5,data_2,2,-19080.171875,-19080.171875,0.0,../1_solve/solution/1_data_1000/thr_1e-5/data_2/pytorch_2,MATCH
1_data_1000,1e-5,data_2,3,-19107.23046875,-19107.23046875,0.0,../1_solve/solution/1_data_1000/thr_1e-5/data_2/pytorch_3,MATCH
1_data_1000,1e-5,data_2,4,-19150.76171875,-19150.759765625,-0.001953125,../1_solve/solution/1_data_1000/thr_1e-5/data_2/pytorch_4,MATCH
1_data_1000,1e-5,data_2,5,-19106.5078125,-19106.5078125,0.0,../1_solve/solution/1_data_1000/thr_1e-5/data_2/pytorch_5,MATCH
1_data_1000,1e-5,data_3,1,-19618.4140625,-19618.4140625,0.0,../1_solve/solution/1_data_1000/thr_1e-5/data_3/pytorch_1,MATCH
1_data_1000,1e-5,data_3,2,-19427.27734375,-19427.27734375,0.0,../1_solve/solution/1_data_1000/thr_1e-5/data_3/pytorch_2,MATCH
1_data_1000,1e-5,data_3,3,-19610.08203125,-19610.083984375,0.001953125,../1_solve/solution/1_data_1000/thr_1e-5/data_3/pytorch_3,MATCH
1_data_1000,1e-5,data_3,4,-19592.578125,-19592.578125,0.0,../1_solve/solution/1_data_1000/thr_1e-5/data_3/pytorch_4,MATCH
1_data_1000,1e-5,data_3,5,-19602.08203125,-19602.08203125,0.0,../1_solve/solution/1_data_1000/thr_1e-5/data_3/pytorch_5,MATCH
1_data_1000,1e-5,data_4,1,-20802.0546875,-20802.0546875,0.0,../1_solve/solution/1_data_1000/thr_1e-5/data_4/pytorch_1,MATCH
1_data_1000,1e-5,data_4,2,-20831.318359375,-20831.318359375,0.0,../1_solve/solution/1_data_1000/thr_1e-5/data_4/pytorch_2,MATCH
1_data_1000,1e-5,data_4,3,-20711.580078125,-20711.58203125,0.001953125,../1_solve/solution/1_data_1000/thr_1e-5/data_4/pytorch_3,MATCH
1_data_1000,1e-5,data_4,4,-20823.234375,-20823.234375,0.0,../1_solve/solution/1_data_1000/thr_1e-5/data_4/pytorch_4,MATCH
1_data_1000,1e-5,data_4,5,-20705.375,-20705.376953125,0.001953125,../1_solve/solution/1_data_1000/thr_1e-5/data_4/pytorch_5,MATCH
1_data_1000,1e-5,data_5,1,-18888.30078125,-18888.298828125,-0.001953125,../1_solve/solution/1_data_1000/thr_1e-5/data_5/pytorch_1,MATCH
1_data_1000,1e-5,data_5,2,-18815.19140625,-18815.189453125,-0.001953125,../1_solve/solution/1_data_1000/thr_1e-5/data_5/pytorch_2,MATCH
1_data_1000,1e-5,data_5,3,-18827.2421875,-18827.240234375,-0.001953125,../1_solve/solution/1_data_1000/thr_1e-5/data_5/pytorch_3,MATCH
1_data_1000,1e-5,data_5,4,-18829.4453125,-18829.4453125,0.0,../1_solve/solution/1_data_1000/thr_1e-5/data_5/pytorch_4,MATCH
1_data_1000,1e-5,data_5,5,-18770.435546875,-18770.43359375,-0.001953125,../1_solve/solution/1_data_1000/thr_1e-5/data_5/pytorch_5,MATCH
1_data_1000,1e-6,data_1,1,-19793.806640625,-19793.806640625,0.0,../1_solve/solution/1_data_1000/thr_1e-6/data_1/pytorch_1,MATCH
1_data_1000,1e-6,data_1,2,-19773.873046875,-19773.875,0.001953125,../1_solve/solution/1_data_1000/thr_1e-6/data_1/pytorch_2,MATCH
1_data_1000,1e-6,data_1,3,-19925.984375,-19925.982421875,-0.001953125,../1_solve/solution/1_data_1000/thr_1e-6/data_1/pytorch_3,MATCH
1_data_1000,1e-6,data_1,4,-19938.8125,-19938.8125,0.0,../1_solve/solution/1_data_1000/thr_1e-6/data_1/pytorch_4,MATCH
1_data_1000,1e-6,data_1,5,-19649.115234375,-19649.1171875,0.001953125,../1_solve/solution/1_data_1000/thr_1e-6/data_1/pytorch_5,MATCH
1_data_1000,1e-6,data_2,1,-18999.970703125,-18999.970703125,0.0,../1_solve/solution/1_data_1000/thr_1e-6/data_2/pytorch_1,MATCH
1_data_1000,1e-6,data_2,2,-19080.171875,-19080.171875,0.0,../1_solve/solution/1_data_1000/thr_1e-6/data_2/pytorch_2,MATCH
1_data_1000,1e-6,data_2,3,-19107.23046875,-19107.23046875,0.0,../1_solve/solution/1_data_1000/thr_1e-6/data_2/pytorch_3,MATCH
1_data_1000,1e-6,data_2,4,-19150.76171875,-19150.759765625,-0.001953125,../1_solve/solution/1_data_1000/thr_1e-6/data_2/pytorch_4,MATCH
1_data_1000,1e-6,data_2,5,-19106.5078125,-19106.5078125,0.0,../1_solve/solution/1_data_1000/thr_1e-6/data_2/pytorch_5,MATCH
1_data_1000,1e-6,data_3,1,-19618.4140625,-19618.4140625,0.0,../1_solve/solution/1_data_1000/thr_1e-6/data_3/pytorch_1,MATCH
1_data_1000,1e-6,data_3,2,-19570.7890625,-19570.7890625,0.0,../1_solve/solution/1_data_1000/thr_1e-6/data_3/pytorch_2,MATCH
1_data_1000,1e-6,data_3,3,-19610.08203125,-19610.083984375,0.001953125,../1_solve/solution/1_data_1000/thr_1e-6/data_3/pytorch_3,MATCH
1_data_1000,1e-6,data_3,4,-19592.578125,-19592.578125,0.0,../1_solve/solution/1_data_1000/thr_1e-6/data_3/pytorch_4,MATCH
1_data_1000,1e-6,data_3,5,-19706.61328125,-19706.611328125,-0.001953125,../1_solve/solution/1_data_1000/thr_1e-6/data_3/pytorch_5,MATCH
1_data_1000,1e-6,data_4,1,-20802.0546875,-20802.0546875,0.0,../1_solve/solution/1_data_1000/thr_1e-6/data_4/pytorch_1,MATCH
1_data_1000,1e-6,data_4,2,-20831.318359375,-20831.318359375,0.0,../1_solve/solution/1_data_1000/thr_1e-6/data_4/pytorch_2,MATCH
1_data_1000,1e-6,data_4,3,-20711.580078125,-20711.58203125,0.001953125,../1_solve/solution/1_data_1000/thr_1e-6/data_4/pytorch_3,MATCH
1_data_1000,1e-6,data_4,4,-20823.234375,-20823.234375,0.0,../1_solve/solution/1_data_1000/thr_1e-6/data_4/pytorch_4,MATCH
1_data_1000,1e-6,data_4,5,-20705.375,-20705.376953125,0.001953125,../1_solve/solution/1_data_1000/thr_1e-6/data_4/pytorch_5,MATCH
1_data_1000,1e-6,data_5,1,-18929.39453125,-18929.39453125,0.0,../1_solve/solution/1_data_1000/thr_1e-6/data_5/pytorch_1,MATCH
1_data_1000,1e-6,data_5,2,-18815.19140625,-18815.189453125,-0.001953125,../1_solve/solution/1_data_1000/thr_1e-6/data_5/pytorch_2,MATCH
1_data_1000,1e-6,data_5,3,-18827.2421875,-18827.240234375,-0.001953125,../1_solve/solution/1_data_1000/thr_1e-6/data_5/pytorch_3,MATCH
1_data_1000,1e-6,data_5,4,-18829.4453125,-18829.4453125,0.0,../1_solve/solution/1_data_1000/thr_1e-6/data_5/pytorch_4,MATCH
1_data_1000,1e-6,data_5,5,-18770.435546875,-18770.43359375,-0.001953125,../1_solve/solution/1_data_1000/thr_1e-6/data_5/pytorch_5,MATCH
2_data_6000,1e-1,data_1,1,-278578.90625,-278578.9375,0.03125,../1_solve/solution/2_data_6000/thr_1e-1/data_1/pytorch_1,MATCH
2_data_6000,1e-1,data_1,2,-279030.75,-279030.75,0.0,../1_solve/solution/2_data_6000/thr_1e-1/data_1/pytorch_2,MATCH
2_data_6000,1e-1,data_1,3,-277660.3125,-277660.3125,0.0,../1_solve/solution/2_data_6000/thr_1e-1/data_1/pytorch_3,MATCH
2_data_6000,1e-1,data_1,4,-278480.875,-278480.90625,0.03125,../1_solve/solution/2_data_6000/thr_1e-1/data_1/pytorch_4,MATCH
2_data_6000,1e-1,data_1,5,-278502.71875,-278502.75,0.03125,../1_solve/solution/2_data_6000/thr_1e-1/data_1/pytorch_5,MATCH
2_data_6000,1e-1,data_2,1,-280173.78125,-280173.75,-0.03125,../1_solve/solution/2_data_6000/thr_1e-1/data_2/pytorch_1,MATCH
2_data_6000,1e-1,data_2,2,-279559.90625,-279559.90625,0.0,../1_solve/solution/2_data_6000/thr_1e-1/data_2/pytorch_2,MATCH
2_data_6000,1e-1,data_2,3,-279470.5,-279470.5,0.0,../1_solve/solution/2_data_6000/thr_1e-1/data_2/pytorch_3,MATCH
2_data_6000,1e-1,data_2,4,-279159.25,-279159.25,0.0,../1_solve/solution/2_data_6000/thr_1e-1/data_2/pytorch_4,MATCH
2_data_6000,1e-1,data_2,5,-279044.3125,-279044.3125,0.0,../1_solve/solution/2_data_6000/thr_1e-1/data_2/pytorch_5,MATCH
2_data_6000,1e-1,data_3,1,-283122.6875,-283122.6875,0.0,../1_solve/solution/2_data_6000/thr_1e-1/data_3/pytorch_1,MATCH
2_data_6000,1e-1,data_3,2,-283299.875,-283299.875,0.0,../1_solve/solution/2_data_6000/thr_1e-1/data_3/pytorch_2,MATCH
2_data_6000,1e-1,data_3,3,-283236.8125,-283236.84375,0.03125,../1_solve/solution/2_data_6000/thr_1e-1/data_3/pytorch_3,MATCH
2_data_6000,1e-1,data_3,4,-282808.28125,-282808.25,-0.03125,../1_solve/solution/2_data_6000/thr_1e-1/data_3/pytorch_4,MATCH
2_data_6000,1e-1,data_3,5,-283184.96875,-283185.0,0.03125,../1_solve/solution/2_data_6000/thr_1e-1/data_3/pytorch_5,MATCH
2_data_6000,1e-1,data_4,1,-273046.6875,-273046.6875,0.0,../1_solve/solution/2_data_6000/thr_1e-1/data_4/pytorch_1,MATCH
2_data_6000,1e-1,data_4,2,-273500.34375,-273500.3125,-0.03125,../1_solve/solution/2_data_6000/thr_1e-1/data_4/pytorch_2,MATCH
2_data_6000,1e-1,data_4,3,-273090.5625,-273090.5625,0.0,../1_solve/solution/2_data_6000/thr_1e-1/data_4/pytorch_3,MATCH
2_data_6000,1e-1,data_4,4,-272452.75,-272452.75,0.0,../1_solve/solution/2_data_6000/thr_1e-1/data_4/pytorch_4,MATCH
2_data_6000,1e-1,data_4,5,-273328.46875,-273328.5,0.03125,../1_solve/solution/2_data_6000/thr_1e-1/data_4/pytorch_5,MATCH
2_data_6000,1e-1,data_5,1,-269415.65625,-269415.65625,0.0,../1_solve/solution/2_data_6000/thr_1e-1/data_5/pytorch_1,MATCH
2_data_6000,1e-1,data_5,2,-270328.40625,-270328.4375,0.03125,../1_solve/solution/2_data_6000/thr_1e-1/data_5/pytorch_2,MATCH
2_data_6000,1e-1,data_5,3,-269305.9375,-269305.96875,0.03125,../1_solve/solution/2_data_6000/thr_1e-1/data_5/pytorch_3,MATCH
2_data_6000,1e-1,data_5,4,-269151.4375,-269151.40625,-0.03125,../1_solve/solution/2_data_6000/thr_1e-1/data_5/pytorch_4,MATCH
2_data_6000,1e-1,data_5,5,-268330.125,-268330.15625,0.03125,../1_solve/solution/2_data_6000/thr_1e-1/data_5/pytorch_5,MATCH
2_data_6000,1e-2,data_1,1,-278881.625,-278881.65625,0.03125,../1_solve/solution/2_data_6000/thr_1e-2/data_1/pytorch_1,MATCH
2_data_6000,1e-2,data_1,2,-279607.25,-279607.25,0.0,../1_solve/solution/2_data_6000/thr_1e-2/data_1/pytorch_2,MATCH
2_data_6000,1e-2,data_1,3,-278122.1875,-278122.1875,0.0,../1_solve/solution/2_data_6000/thr_1e-2/data_1/pytorch_3,MATCH
2_data_6000,1e-2,data_1,4,-278755.125,-278755.125,0.0,../1_solve/solution/2_data_6000/thr_1e-2/data_1/pytorch_4,MATCH
2_data_6000,1e-2,data_1,5,-278860.1875,-278860.1875,0.0,../1_solve/solution/2_data_6000/thr_1e-2/data_1/pytorch_5,MATCH
2_data_6000,1e-2,data_2,1,-280387.03125,-280387.03125,0.0,../1_solve/solution/2_data_6000/thr_1e-2/data_2/pytorch_1,MATCH
2_data_6000,1e-2,data_2,2,-279920.78125,-279920.78125,0.0,../1_solve/solution/2_data_6000/thr_1e-2/data_2/pytorch_2,MATCH
2_data_6000,1e-2,data_2,3,-279941.375,-279941.375,0.0,../1_solve/solution/2_data_6000/thr_1e-2/data_2/pytorch_3,MATCH
2_data_6000,1e-2,data_2,4,-279502.0,-279502.03125,0.03125,../1_solve/solution/2_data_6000/thr_1e-2/data_2/pytorch_4,MATCH
2_data_6000,1e-2,data_2,5,-279561.5,-279561.5,0.0,../1_solve/solution/2_data_6000/thr_1e-2/data_2/pytorch_5,MATCH
2_data_6000,1e-2,data_3,1,-283559.75,-283559.78125,0.03125,../1_solve/solution/2_data_6000/thr_1e-2/data_3/pytorch_1,MATCH
2_data_6000,1e-2,data_3,2,-283879.875,-283879.875,0.0,../1_solve/solution/2_data_6000/thr_1e-2/data_3/pytorch_2,MATCH
2_data_6000,1e-2,data_3,3,-283635.46875,-283635.5,0.03125,../1_solve/solution/2_data_6000/thr_1e-2/data_3/pytorch_3,MATCH
2_data_6000,1e-2,data_3,4,-283418.5,-283418.53125,0.03125,../1_solve/solution/2_data_6000/thr_1e-2/data_3/pytorch_4,MATCH
2_data_6000,1e-2,data_3,5,-283587.25,-283587.25,0.0,../1_solve/solution/2_data_6000/thr_1e-2/data_3/pytorch_5,MATCH
2_data_6000,1e-2,data_4,1,-273512.5625,-273512.59375,0.03125,../1_solve/solution/2_data_6000/thr_1e-2/data_4/pytorch_1,MATCH
2_data_6000,1e-2,data_4,2,-273915.53125,-273915.53125,0.0,../1_solve/solution/2_data_6000/thr_1e-2/data_4/pytorch_2,MATCH
2_data_6000,1e-2,data_4,3,-273589.125,-273589.15625,0.03125,../1_solve/solution/2_data_6000/thr_1e-2/data_4/pytorch_3,MATCH
2_data_6000,1e-2,data_4,4,-272889.84375,-272889.875,0.03125,../1_solve/solution/2_data_6000/thr_1e-2/data_4/pytorch_4,MATCH
2_data_6000,1e-2,data_4,5,-273944.4375,-273944.4375,0.0,../1_solve/solution/2_data_6000/thr_1e-2/data_4/pytorch_5,MATCH
2_data_6000,1e-2,data_5,1,-269813.3125,-269813.375,0.0625,../1_solve/solution/2_data_6000/thr_1e-2/data_5/pytorch_1,MATCH
2_data_6000,1e-2,data_5,2,-270955.40625,-270955.40625,0.0,../1_solve/solution/2_data_6000/thr_1e-2/data_5/pytorch_2,MATCH
2_data_6000,1e-2,data_5,3,-269651.125,-269651.15625,0.03125,../1_solve/solution/2_data_6000/thr_1e-2/data_5/pytorch_3,MATCH
2_data_6000,1e-2,data_5,4,-269953.1875,-269953.1875,0.0,../1_solve/solution/2_data_6000/thr_1e-2/data_5/pytorch_4,MATCH
2_data_6000,1e-2,data_5,5,-268978.8125,-268978.8125,0.0,../1_solve/solution/2_data_6000/thr_1e-2/data_5/pytorch_5,MATCH
2_data_6000,1e-3,data_1,1,-280141.1875,-280141.1875,0.0,../1_solve/solution/2_data_6000/thr_1e-3/data_1/pytorch_1,MATCH
2_data_6000,1e-3,data_1,2,-281012.25,-281012.25,0.0,../1_solve/solution/2_data_6000/thr_1e-3/data_1/pytorch_2,MATCH
2_data_6000,1e-3,data_1,3,-280445.46875,-280445.46875,0.0,../1_solve/solution/2_data_6000/thr_1e-3/data_1/pytorch_3,MATCH
2_data_6000,1e-3,data_1,4,-279956.3125,-279956.3125,0.0,../1_solve/solution/2_data_6000/thr_1e-3/data_1/pytorch_4,MATCH
2_data_6000,1e-3,data_1,5,-280012.40625,-280012.375,-0.03125,../1_solve/solution/2_data_6000/thr_1e-3/data_1/pytorch_5,MATCH
2_data_6000,1e-3,data_2,1,-281784.34375,-281784.375,0.03125,../1_solve/solution/2_data_6000/thr_1e-3/data_2/pytorch_1,MATCH
2_data_6000,1e-3,data_2,2,-281552.125,-281552.125,0.0,../1_solve/solution/2_data_6000/thr_1e-3/data_2/pytorch_2,MATCH
2_data_6000,1e-3,data_2,3,-281555.75,-281555.75,0.0,../1_solve/solution/2_data_6000/thr_1e-3/data_2/pytorch_3,MATCH
2_data_6000,1e-3,data_2,4,-281112.1875,-281112.1875,0.0,../1_solve/solution/2_data_6000/thr_1e-3/data_2/pytorch_4,MATCH
2_data_6000,1e-3,data_2,5,-281642.0,-281642.0625,0.0625,../1_solve/solution/2_data_6000/thr_1e-3/data_2/pytorch_5,MATCH
2_data_6000,1e-3,data_3,1,-285273.125,-285273.125,0.0,../1_solve/solution/2_data_6000/thr_1e-3/data_3/pytorch_1,MATCH
2_data_6000,1e-3,data_3,2,-285376.375,-285376.375,0.0,../1_solve/solution/2_data_6000/thr_1e-3/data_3/pytorch_2,MATCH
2_data_6000,1e-3,data_3,3,-284340.625,-284340.625,0.0,../1_solve/solution/2_data_6000/thr_1e-3/data_3/pytorch_3,MATCH
2_data_6000,1e-3,data_3,4,-284585.875,-284585.875,0.0,../1_solve/solution/2_data_6000/thr_1e-3/data_3/pytorch_4,MATCH
2_data_6000,1e-3,data_3,5,-284779.75,-284779.75,0.0,../1_solve/solution/2_data_6000/thr_1e-3/data_3/pytorch_5,MATCH
2_data_6000,1e-3,data_4,1,-274894.3125,-274894.34375,0.03125,../1_solve/solution/2_data_6000/thr_1e-3/data_4/pytorch_1,MATCH
2_data_6000,1e-3,data_4,2,-275812.75,-275812.78125,0.03125,../1_solve/solution/2_data_6000/thr_1e-3/data_4/pytorch_2,MATCH
2_data_6000,1e-3,data_4,3,-275554.09375,-275554.125,0.03125,../1_solve/solution/2_data_6000/thr_1e-3/data_4/pytorch_3,MATCH
2_data_6000,1e-3,data_4,4,-274891.84375,-274891.84375,0.0,../1_solve/solution/2_data_6000/thr_1e-3/data_4/pytorch_4,MATCH
2_data_6000,1e-3,data_4,5,-276134.625,-276134.59375,-0.03125,../1_solve/solution/2_data_6000/thr_1e-3/data_4/pytorch_5,MATCH
2_data_6000,1e-3,data_5,1,-271577.84375,-271577.84375,0.0,../1_solve/solution/2_data_6000/thr_1e-3/data_5/pytorch_1,MATCH
2_data_6000,1e-3,data_5,2,-272634.46875,-272634.5,0.03125,../1_solve/solution/2_data_6000/thr_1e-3/data_5/pytorch_2,MATCH
2_data_6000,1e-3,data_5,3,-271499.25,-271499.25,0.0,../1_solve/solution/2_data_6000/thr_1e-3/data_5/pytorch_3,MATCH
2_data_6000,1e-3,data_5,4,-272441.375,-272441.375,0.0,../1_solve/solution/2_data_6000/thr_1e-3/data_5/pytorch_4,MATCH
2_data_6000,1e-3,data_5,5,-271129.90625,-271129.90625,0.0,../1_solve/solution/2_data_6000/thr_1e-3/data_5/pytorch_5,MATCH
2_data_6000,1e-4,data_1,1,-280616.0,-280616.0,0.0,../1_solve/solution/2_data_6000/thr_1e-4/data_1/pytorch_1,MATCH
2_data_6000,1e-4,data_1,2,-281511.6875,-281511.6875,0.0,../1_solve/solution/2_data_6000/thr_1e-4/data_1/pytorch_2,MATCH
2_data_6000,1e-4,data_1,3,-281385.4375,-281385.46875,0.03125,../1_solve/solution/2_data_6000/thr_1e-4/data_1/pytorch_3,MATCH
2_data_6000,1e-4,data_1,4,-280605.5625,-280605.59375,0.03125,../1_solve/solution/2_data_6000/thr_1e-4/data_1/pytorch_4,MATCH
2_data_6000,1e-4,data_1,5,-281868.03125,-281868.03125,0.0,../1_solve/solution/2_data_6000/thr_1e-4/data_1/pytorch_5,MATCH
2_data_6000,1e-4,data_2,1,-283047.25,-283047.25,0.0,../1_solve/solution/2_data_6000/thr_1e-4/data_2/pytorch_1,MATCH
2_data_6000,1e-4,data_2,2,-282941.25,-282941.25,0.0,../1_solve/solution/2_data_6000/thr_1e-4/data_2/pytorch_2,MATCH
2_data_6000,1e-4,data_2,3,-282584.03125,-282584.0625,0.03125,../1_solve/solution/2_data_6000/thr_1e-4/data_2/pytorch_3,MATCH
2_data_6000,1e-4,data_2,4,-282608.6875,-282608.6875,0.0,../1_solve/solution/2_data_6000/thr_1e-4/data_2/pytorch_4,MATCH
2_data_6000,1e-4,data_2,5,-282694.6875,-282694.6875,0.0,../1_solve/solution/2_data_6000/thr_1e-4/data_2/pytorch_5,MATCH
2_data_6000,1e-4,data_3,1,-285529.5625,-285529.5625,0.0,../1_solve/solution/2_data_6000/thr_1e-4/data_3/pytorch_1,MATCH
2_data_6000,1e-4,data_3,2,-286152.375,-286152.375,0.0,../1_solve/solution/2_data_6000/thr_1e-4/data_3/pytorch_2,MATCH
2_data_6000,1e-4,data_3,3,-286445.09375,-286445.09375,0.0,../1_solve/solution/2_data_6000/thr_1e-4/data_3/pytorch_3,MATCH
2_data_6000,1e-4,data_3,4,-286206.5625,-286206.5625,0.0,../1_solve/solution/2_data_6000/thr_1e-4/data_3/pytorch_4,MATCH
2_data_6000,1e-4,data_3,5,-286457.75,-286457.78125,0.03125,../1_solve/solution/2_data_6000/thr_1e-4/data_3/pytorch_5,MATCH
2_data_6000,1e-4,data_4,1,-277490.6875,-277490.6875,0.0,../1_solve/solution/2_data_6000/thr_1e-4/data_4/pytorch_1,MATCH
2_data_6000,1e-4,data_4,2,-276986.34375,-276986.34375,0.0,../1_solve/solution/2_data_6000/thr_1e-4/data_4/pytorch_2,MATCH
2_data_6000,1e-4,data_4,3,-276411.96875,-276411.96875,0.0,../1_solve/solution/2_data_6000/thr_1e-4/data_4/pytorch_3,MATCH
2_data_6000,1e-4,data_4,4,-276384.25,-276384.28125,0.03125,../1_solve/solution/2_data_6000/thr_1e-4/data_4/pytorch_4,MATCH
2_data_6000,1e-4,data_4,5,-276732.625,-276732.625,0.0,../1_solve/solution/2_data_6000/thr_1e-4/data_4/pytorch_5,MATCH
2_data_6000,1e-4,data_5,1,-273155.53125,-273155.5625,0.03125,../1_solve/solution/2_data_6000/thr_1e-4/data_5/pytorch_1,MATCH
2_data_6000,1e-4,data_5,2,-273902.5625,-273902.5625,0.0,../1_solve/solution/2_data_6000/thr_1e-4/data_5/pytorch_2,MATCH
2_data_6000,1e-4,data_5,3,-273142.9375,-273142.96875,0.03125,../1_solve/solution/2_data_6000/thr_1e-4/data_5/pytorch_3,MATCH
2_data_6000,1e-4,data_5,4,-273221.3125,-273221.28125,-0.03125,../1_solve/solution/2_data_6000/thr_1e-4/data_5/pytorch_4,MATCH
2_data_6000,1e-4,data_5,5,-272335.90625,-272335.875,-0.03125,../1_solve/solution/2_data_6000/thr_1e-4/data_5/pytorch_5,MATCH
2_data_6000,1e-5,data_1,1,-280641.40625,-280641.4375,0.03125,../1_solve/solution/2_data_6000/thr_1e-5/data_1/pytorch_1,MATCH
2_data_6000,1e-5,data_1,2,-281745.125,-281745.125,0.0,../1_solve/solution/2_data_6000/thr_1e-5/data_1/pytorch_2,MATCH
2_data_6000,1e-5,data_1,3,-281906.8125,-281906.8125,0.0,../1_solve/solution/2_data_6000/thr_1e-5/data_1/pytorch_3,MATCH
2_data_6000,1e-5,data_1,4,-280913.75,-280913.75,0.0,../1_solve/solution/2_data_6000/thr_1e-5/data_1/pytorch_4,MATCH
2_data_6000,1e-5,data_1,5,-282049.875,-282049.875,0.0,../1_solve/solution/2_data_6000/thr_1e-5/data_1/pytorch_5,MATCH
2_data_6000,1e-5,data_2,1,-283079.53125,-283079.53125,0.0,../1_solve/solution/2_data_6000/thr_1e-5/data_2/pytorch_1,MATCH
2_data_6000,1e-5,data_2,2,-283162.71875,-283162.71875,0.0,../1_solve/solution/2_data_6000/thr_1e-5/data_2/pytorch_2,MATCH
2_data_6000,1e-5,data_2,3,-282684.875,-282684.875,0.0,../1_solve/solution/2_data_6000/thr_1e-5/data_2/pytorch_3,MATCH
2_data_6000,1e-5,data_2,4,-282836.5,-282836.46875,-0.03125,../1_solve/solution/2_data_6000/thr_1e-5/data_2/pytorch_4,MATCH
2_data_6000,1e-5,data_2,5,-282695.5625,-282695.5625,0.0,../1_solve/solution/2_data_6000/thr_1e-5/data_2/pytorch_5,MATCH
2_data_6000,1e-5,data_3,1,-286314.6875,-286314.6875,0.0,../1_solve/solution/2_data_6000/thr_1e-5/data_3/pytorch_1,MATCH
2_data_6000,1e-5,data_3,2,-286238.1875,-286238.1875,0.0,../1_solve/solution/2_data_6000/thr_1e-5/data_3/pytorch_2,MATCH
2_data_6000,1e-5,data_3,3,-287148.90625,-287148.90625,0.0,../1_solve/solution/2_data_6000/thr_1e-5/data_3/pytorch_3,MATCH
2_data_6000,1e-5,data_3,4,-286331.6875,-286331.65625,-0.03125,../1_solve/solution/2_data_6000/thr_1e-5/data_3/pytorch_4,MATCH
2_data_6000,1e-5,data_3,5,-286551.875,-286551.84375,-0.03125,../1_solve/solution/2_data_6000/thr_1e-5/data_3/pytorch_5,MATCH
2_data_6000,1e-5,data_4,1,-277618.25,-277618.25,0.0,../1_solve/solution/2_data_6000/thr_1e-5/data_4/pytorch_1,MATCH
2_data_6000,1e-5,data_4,2,-277213.96875,-277213.96875,0.0,../1_solve/solution/2_data_6000/thr_1e-5/data_4/pytorch_2,MATCH
2_data_6000,1e-5,data_4,3,-276527.5625,-276527.59375,0.03125,../1_solve/solution/2_data_6000/thr_1e-5/data_4/pytorch_3,MATCH
2_data_6000,1e-5,data_4,4,-276399.78125,-276399.8125,0.03125,../1_solve/solution/2_data_6000/thr_1e-5/data_4/pytorch_4,MATCH
2_data_6000,1e-5,data_4,5,-276736.1875,-276736.25,0.0625,../1_solve/solution/2_data_6000/thr_1e-5/data_4/pytorch_5,MATCH
2_data_6000,1e-5,data_5,1,-273220.40625,-273220.4375,0.03125,../1_solve/solution/2_data_6000/thr_1e-5/data_5/pytorch_1,MATCH
2_data_6000,1e-5,data_5,2,-274361.5,-274361.5,0.0,../1_solve/solution/2_data_6000/thr_1e-5/data_5/pytorch_2,MATCH
2_data_6000,1e-5,data_5,3,-273951.875,-273951.84375,-0.03125,../1_solve/solution/2_data_6000/thr_1e-5/data_5/pytorch_3,MATCH
2_data_6000,1e-5,data_5,4,-273406.0,-273406.0,0.0,../1_solve/solution/2_data_6000/thr_1e-5/data_5/pytorch_4,MATCH
2_data_6000,1e-5,data_5,5,-273209.5625,-273209.5625,0.0,../1_solve/solution/2_data_6000/thr_1e-5/data_5/pytorch_5,MATCH
2_data_6000,1e-6,data_1,1,-280641.40625,-280641.4375,0.03125,../1_solve/solution/2_data_6000/thr_1e-6/data_1/pytorch_1,MATCH
2_data_6000,1e-6,data_1,2,-281981.53125,-281981.53125,0.0,../1_solve/solution/2_data_6000/thr_1e-6/data_1/pytorch_2,MATCH
2_data_6000,1e-6,data_1,3,-282229.03125,-282229.03125,0.0,../1_solve/solution/2_data_6000/thr_1e-6/data_1/pytorch_3,MATCH
2_data_6000,1e-6,data_1,4,-280919.625,-280919.59375,-0.03125,../1_solve/solution/2_data_6000/thr_1e-6/data_1/pytorch_4,MATCH
2_data_6000,1e-6,data_1,5,-282163.34375,-282163.375,0.03125,../1_solve/solution/2_data_6000/thr_1e-6/data_1/pytorch_5,MATCH
2_data_6000,1e-6,data_2,1,-283191.5625,-283191.5625,0.0,../1_solve/solution/2_data_6000/thr_1e-6/data_2/pytorch_1,MATCH
2_data_6000,1e-6,data_2,2,-283507.96875,-283507.96875,0.0,../1_solve/solution/2_data_6000/thr_1e-6/data_2/pytorch_2,MATCH
2_data_6000,1e-6,data_2,3,-282684.875,-282684.875,0.0,../1_solve/solution/2_data_6000/thr_1e-6/data_2/pytorch_3,MATCH
2_data_6000,1e-6,data_2,4,-282836.5,-282836.46875,-0.03125,../1_solve/solution/2_data_6000/thr_1e-6/data_2/pytorch_4,MATCH
2_data_6000,1e-6,data_2,5,-282747.8125,-282747.84375,0.03125,../1_solve/solution/2_data_6000/thr_1e-6/data_2/pytorch_5,MATCH
2_data_6000,1e-6,data_3,1,-286499.875,-286499.90625,0.03125,../1_solve/solution/2_data_6000/thr_1e-6/data_3/pytorch_1,MATCH
2_data_6000,1e-6,data_3,2,-286492.625,-286492.65625,0.03125,../1_solve/solution/2_data_6000/thr_1e-6/data_3/pytorch_2,MATCH
2_data_6000,1e-6,data_3,3,-287434.0625,-287434.09375,0.03125,../1_solve/solution/2_data_6000/thr_1e-6/data_3/pytorch_3,MATCH
2_data_6000,1e-6,data_3,4,-286327.65625,-286327.625,-0.03125,../1_solve/solution/2_data_6000/thr_1e-6/data_3/pytorch_4,MATCH
2_data_6000,1e-6,data_3,5,-286551.875,-286551.84375,-0.03125,../1_solve/solution/2_data_6000/thr_1e-6/data_3/pytorch_5,MATCH
2_data_6000,1e-6,data_4,1,-277618.25,-277618.25,0.0,../1_solve/solution/2_data_6000/thr_1e-6/data_4/pytorch_1,MATCH
2_data_6000,1e-6,data_4,2,-277213.96875,-277213.96875,0.0,../1_solve/solution/2_data_6000/thr_1e-6/data_4/pytorch_2,MATCH
2_data_6000,1e-6,data_4,3,-277190.84375,-277190.875,0.03125,../1_solve/solution/2_data_6000/thr_1e-6/data_4/pytorch_3,MATCH
2_data_6000,1e-6,data_4,4,-276406.9375,-276406.9375,0.0,../1_solve/solution/2_data_6000/thr_1e-6/data_4/pytorch_4,MATCH
2_data_6000,1e-6,data_4,5,-276736.1875,-276736.25,0.0625,../1_solve/solution/2_data_6000/thr_1e-6/data_4/pytorch_5,MATCH
2_data_6000,1e-6,data_5,1,-273242.125,-273242.125,0.0,../1_solve/solution/2_data_6000/thr_1e-6/data_5/pytorch_1,MATCH
2_data_6000,1e-6,data_5,2,-274361.5,-274361.5,0.0,../1_solve/solution/2_data_6000/thr_1e-6/data_5/pytorch_2,MATCH
2_data_6000,1e-6,data_5,3,-273951.875,-273951.84375,-0.03125,../1_solve/solution/2_data_6000/thr_1e-6/data_5/pytorch_3,MATCH
2_data_6000,1e-6,data_5,4,-273406.0,-273406.0,0.0,../1_solve/solution/2_data_6000/thr_1e-6/data_5/pytorch_4,MATCH
2_data_6000,1e-6,data_5,5,-273209.5625,-273209.5625,0.0,../1_solve/solution/2_data_6000/thr_1e-6/data_5/pytorch_5,MATCH
3_data_25000,1e-1,data_1,1,-2355186.5,-2355186.25,-0.25,../1_solve/solution/3_data_25000/thr_1e-1/data_1/pytorch_1,MATCH
3_data_25000,1e-1,data_1,2,-2355046.5,-2355046.5,0.0,../1_solve/solution/3_data_25000/thr_1e-1/data_1/pytorch_2,MATCH
3_data_25000,1e-1,data_1,3,-2354230.5,-2354230.75,0.25,../1_solve/solution/3_data_25000/thr_1e-1/data_1/pytorch_3,MATCH
3_data_25000,1e-1,data_1,4,-2354172.5,-2354172.5,0.0,../1_solve/solution/3_data_25000/thr_1e-1/data_1/pytorch_4,MATCH
3_data_25000,1e-1,data_1,5,-2356952.75,-2356952.5,-0.25,../1_solve/solution/3_data_25000/thr_1e-1/data_1/pytorch_5,MATCH
3_data_25000,1e-1,data_2,1,-2323813.5,-2323813.75,0.25,../1_solve/solution/3_data_25000/thr_1e-1/data_2/pytorch_1,MATCH
3_data_25000,1e-1,data_2,2,-2324718.5,-2324718.75,0.25,../1_solve/solution/3_data_25000/thr_1e-1/data_2/pytorch_2,MATCH
3_data_25000,1e-1,data_2,3,-2319270.5,-2319270.5,0.0,../1_solve/solution/3_data_25000/thr_1e-1/data_2/pytorch_3,MATCH
3_data_25000,1e-1,data_2,4,-2321978.5,-2321979.0,0.5,../1_solve/solution/3_data_25000/thr_1e-1/data_2/pytorch_4,MATCH
3_data_25000,1e-1,data_2,5,-2320934.75,-2320934.75,0.0,../1_solve/solution/3_data_25000/thr_1e-1/data_2/pytorch_5,MATCH
3_data_25000,1e-1,data_3,1,-2357143.0,-2357143.0,0.0,../1_solve/solution/3_data_25000/thr_1e-1/data_3/pytorch_1,MATCH
3_data_25000,1e-1,data_3,2,-2356806.5,-2356806.5,0.0,../1_solve/solution/3_data_25000/thr_1e-1/data_3/pytorch_2,MATCH
3_data_25000,1e-1,data_3,3,-2358224.0,-2358224.0,0.0,../1_solve/solution/3_data_25000/thr_1e-1/data_3/pytorch_3,MATCH
3_data_25000,1e-1,data_3,4,-2358984.5,-2358984.5,0.0,../1_solve/solution/3_data_25000/thr_1e-1/data_3/pytorch_4,MATCH
3_data_25000,1e-1,data_3,5,-2358257.0,-2358256.75,-0.25,../1_solve/solution/3_data_25000/thr_1e-1/data_3/pytorch_5,MATCH
3_data_25000,1e-1,data_4,1,-2358376.0,-2358376.25,0.25,../1_solve/solution/3_data_25000/thr_1e-1/data_4/pytorch_1,MATCH
3_data_25000,1e-1,data_4,2,-2358464.0,-2358464.0,0.0,../1_solve/solution/3_data_25000/thr_1e-1/data_4/pytorch_2,MATCH
3_data_25000,1e-1,data_4,3,-2355690.0,-2355690.0,0.0,../1_solve/solution/3_data_25000/thr_1e-1/data_4/pytorch_3,MATCH
3_data_25000,1e-1,data_4,4,-2356394.25,-2356394.25,0.0,../1_solve/solution/3_data_25000/thr_1e-1/data_4/pytorch_4,MATCH
3_data_25000,1e-1,data_4,5,-2354995.75,-2354995.75,0.0,../1_solve/solution/3_data_25000/thr_1e-1/data_4/pytorch_5,MATCH
3_data_25000,1e-1,data_5,1,-2359907.5,-2359907.5,0.0,../1_solve/solution/3_data_25000/thr_1e-1/data_5/pytorch_1,MATCH
3_data_25000,1e-1,data_5,2,-2363444.0,-2363444.0,0.0,../1_solve/solution/3_data_25000/thr_1e-1/data_5/pytorch_2,MATCH
3_data_25000,1e-1,data_5,3,-2364311.75,-2364311.75,0.0,../1_solve/solution/3_data_25000/thr_1e-1/data_5/pytorch_3,MATCH
3_data_25000,1e-1,data_5,4,-2363765.5,-2363765.5,0.0,../1_solve/solution/3_data_25000/thr_1e-1/data_5/pytorch_4,MATCH
3_data_25000,1e-1,data_5,5,-2362007.5,-2362007.5,0.0,../1_solve/solution/3_data_25000/thr_1e-1/data_5/pytorch_5,MATCH
3_data_25000,1e-2,data_1,1,-2360132.0,-2360132.0,0.0,../1_solve/solution/3_data_25000/thr_1e-2/data_1/pytorch_1,MATCH
3_data_25000,1e-2,data_1,2,-2359931.25,-2359931.5,0.25,../1_solve/solution/3_data_25000/thr_1e-2/data_1/pytorch_2,MATCH
3_data_25000,1e-2,data_1,3,-2359119.75,-2359119.75,0.0,../1_solve/solution/3_data_25000/thr_1e-2/data_1/pytorch_3,MATCH
3_data_25000,1e-2,data_1,4,-2358997.0,-2358997.0,0.0,../1_solve/solution/3_data_25000/thr_1e-2/data_1/pytorch_4,MATCH
3_data_25000,1e-2,data_1,5,-2361643.5,-2361643.5,0.0,../1_solve/solution/3_data_25000/thr_1e-2/data_1/pytorch_5,MATCH
3_data_25000,1e-2,data_2,1,-2328253.75,-2328253.75,0.0,../1_solve/solution/3_data_25000/thr_1e-2/data_2/pytorch_1,MATCH
3_data_25000,1e-2,data_2,2,-2329424.75,-2329425.0,0.25,../1_solve/solution/3_data_25000/thr_1e-2/data_2/pytorch_2,MATCH
3_data_25000,1e-2,data_2,3,-2323995.75,-2323995.75,0.0,../1_solve/solution/3_data_25000/thr_1e-2/data_2/pytorch_3,MATCH
3_data_25000,1e-2,data_2,4,-2326475.0,-2326475.0,0.0,../1_solve/solution/3_data_25000/thr_1e-2/data_2/pytorch_4,MATCH
3_data_25000,1e-2,data_2,5,-2325806.75,-2325806.75,0.0,../1_solve/solution/3_data_25000/thr_1e-2/data_2/pytorch_5,MATCH
3_data_25000,1e-2,data_3,1,-2361428.25,-2361428.25,0.0,../1_solve/solution/3_data_25000/thr_1e-2/data_3/pytorch_1,MATCH
3_data_25000,1e-2,data_3,2,-2361556.5,-2361556.5,0.0,../1_solve/solution/3_data_25000/thr_1e-2/data_3/pytorch_2,MATCH
3_data_25000,1e-2,data_3,3,-2362828.0,-2362828.0,0.0,../1_solve/solution/3_data_25000/thr_1e-2/data_3/pytorch_3,MATCH
3_data_25000,1e-2,data_3,4,-2363606.0,-2363606.0,0.0,../1_solve/solution/3_data_25000/thr_1e-2/data_3/pytorch_4,MATCH
3_data_25000,1e-2,data_3,5,-2362603.75,-2362603.75,0.0,../1_solve/solution/3_data_25000/thr_1e-2/data_3/pytorch_5,MATCH
3_data_25000,1e-2,data_4,1,-2362405.5,-2362405.5,0.0,../1_solve/solution/3_data_25000/thr_1e-2/data_4/pytorch_1,MATCH
3_data_25000,1e-2,data_4,2,-2363449.25,-2363449.0,-0.25,../1_solve/solution/3_data_25000/thr_1e-2/data_4/pytorch_2,MATCH
3_data_25000,1e-2,data_4,3,-2361062.0,-2361062.0,0.0,../1_solve/solution/3_data_25000/thr_1e-2/data_4/pytorch_3,MATCH
3_data_25000,1e-2,data_4,4,-2361313.5,-2361313.75,0.25,../1_solve/solution/3_data_25000/thr_1e-2/data_4/pytorch_4,MATCH
3_data_25000,1e-2,data_4,5,-2359322.5,-2359322.5,0.0,../1_solve/solution/3_data_25000/thr_1e-2/data_4/pytorch_5,MATCH
3_data_25000,1e-2,data_5,1,-2364121.75,-2364121.5,-0.25,../1_solve/solution/3_data_25000/thr_1e-2/data_5/pytorch_1,MATCH
3_data_25000,1e-2,data_5,2,-2368369.75,-2368370.0,0.25,../1_solve/solution/3_data_25000/thr_1e-2/data_5/pytorch_2,MATCH
3_data_25000,1e-2,data_5,3,-2368752.0,-2368752.0,0.0,../1_solve/solution/3_data_25000/thr_1e-2/data_5/pytorch_3,MATCH
3_data_25000,1e-2,data_5,4,-2367900.5,-2367900.25,-0.25,../1_solve/solution/3_data_25000/thr_1e-2/data_5/pytorch_4,MATCH
3_data_25000,1e-2,data_5,5,-2366139.25,-2366139.0,-0.25,../1_solve/solution/3_data_25000/thr_1e-2/data_5/pytorch_5,MATCH
3_data_25000,1e-3,data_1,1,-2371867.5,-2371867.5,0.0,../1_solve/solution/3_data_25000/thr_1e-3/data_1/pytorch_1,MATCH
3_data_25000,1e-3,data_1,2,-2372431.0,-2372431.0,0.0,../1_solve/solution/3_data_25000/thr_1e-3/data_1/pytorch_2,MATCH
3_data_25000,1e-3,data_1,3,-2374507.75,-2374507.75,0.0,../1_solve/solution/3_data_25000/thr_1e-3/data_1/pytorch_3,MATCH
3_data_25000,1e-3,data_1,4,-2372859.75,-2372859.5,-0.25,../1_solve/solution/3_data_25000/thr_1e-3/data_1/pytorch_4,MATCH
3_data_25000,1e-3,data_1,5,-2375327.5,-2375327.5,0.0,../1_solve/solution/3_data_25000/thr_1e-3/data_1/pytorch_5,MATCH
3_data_25000,1e-3,data_2,1,-2344036.5,-2344036.5,0.0,../1_solve/solution/3_data_25000/thr_1e-3/data_2/pytorch_1,MATCH
3_data_25000,1e-3,data_2,2,-2344623.5,-2344623.75,0.25,../1_solve/solution/3_data_25000/thr_1e-3/data_2/pytorch_2,MATCH
3_data_25000,1e-3,data_2,3,-2340655.5,-2340655.5,0.0,../1_solve/solution/3_data_25000/thr_1e-3/data_2/pytorch_3,MATCH
3_data_25000,1e-3,data_2,4,-2340740.75,-2340741.0,0.25,../1_solve/solution/3_data_25000/thr_1e-3/data_2/pytorch_4,MATCH
3_data_25000,1e-3,data_2,5,-2340660.5,-2340660.5,0.0,../1_solve/solution/3_data_25000/thr_1e-3/data_2/pytorch_5,MATCH
3_data_25000,1e-3,data_3,1,-2377862.75,-2377862.75,0.0,../1_solve/solution/3_data_25000/thr_1e-3/data_3/pytorch_1,MATCH
3_data_25000,1e-3,data_3,2,-2379865.25,-2379865.5,0.25,../1_solve/solution/3_data_25000/thr_1e-3/data_3/pytorch_2,MATCH
3_data_25000,1e-3,data_3,3,-2379219.0,-2379219.0,0.0,../1_solve/solution/3_data_25000/thr_1e-3/data_3/pytorch_3,MATCH
3_data_25000,1e-3,data_3,4,-2376614.75,-2376614.75,0.0,../1_solve/solution/3_data_25000/thr_1e-3/data_3/pytorch_4,MATCH
3_data_25000,1e-3,data_3,5,-2374052.25,-2374052.5,0.25,../1_solve/solution/3_data_25000/thr_1e-3/data_3/pytorch_5,MATCH
3_data_25000,1e-3,data_4,1,-2377460.0,-2377460.0,0.0,../1_solve/solution/3_data_25000/thr_1e-3/data_4/pytorch_1,MATCH
3_data_25000,1e-3,data_4,2,-2379501.25,-2379501.25,0.0,../1_solve/solution/3_data_25000/thr_1e-3/data_4/pytorch_2,MATCH
3_data_25000,1e-3,data_4,3,-2377405.5,-2377405.5,0.0,../1_solve/solution/3_data_25000/thr_1e-3/data_4/pytorch_3,MATCH
3_data_25000,1e-3,data_4,4,-2375540.0,-2375540.0,0.0,../1_solve/solution/3_data_25000/thr_1e-3/data_4/pytorch_4,MATCH
3_data_25000,1e-3,data_4,5,-2375338.0,-2375338.0,0.0,../1_solve/solution/3_data_25000/thr_1e-3/data_4/pytorch_5,MATCH
3_data_25000,1e-3,data_5,1,-2383721.5,-2383721.5,0.0,../1_solve/solution/3_data_25000/thr_1e-3/data_5/pytorch_1,MATCH
3_data_25000,1e-3,data_5,2,-2383472.75,-2383472.75,0.0,../1_solve/solution/3_data_25000/thr_1e-3/data_5/pytorch_2,MATCH
3_data_25000,1e-3,data_5,3,-2383280.25,-2383280.25,0.0,../1_solve/solution/3_data_25000/thr_1e-3/data_5/pytorch_3,MATCH
3_data_25000,1e-3,data_5,4,-2384749.0,-2384748.75,-0.25,../1_solve/solution/3_data_25000/thr_1e-3/data_5/pytorch_4,MATCH
3_data_25000,1e-3,data_5,5,-2384029.5,-2384029.0,-0.5,../1_solve/solution/3_data_25000/thr_1e-3/data_5/pytorch_5,MATCH
3_data_25000,1e-4,data_1,1,-2382868.75,-2382869.0,0.25,../1_solve/solution/3_data_25000/thr_1e-4/data_1/pytorch_1,MATCH
3_data_25000,1e-4,data_1,2,-2383341.25,-2383341.5,0.25,../1_solve/solution/3_data_25000/thr_1e-4/data_1/pytorch_2,MATCH
3_data_25000,1e-4,data_1,3,-2387490.0,-2387490.0,0.0,../1_solve/solution/3_data_25000/thr_1e-4/data_1/pytorch_3,MATCH
3_data_25000,1e-4,data_1,4,-2385110.25,-2385110.5,0.25,../1_solve/solution/3_data_25000/thr_1e-4/data_1/pytorch_4,MATCH
3_data_25000,1e-4,data_1,5,-2390242.5,-2390242.5,0.0,../1_solve/solution/3_data_25000/thr_1e-4/data_1/pytorch_5,MATCH
3_data_25000,1e-4,data_2,1,-2354180.5,-2354180.5,0.0,../1_solve/solution/3_data_25000/thr_1e-4/data_2/pytorch_1,MATCH
3_data_25000,1e-4,data_2,2,-2356605.25,-2356605.25,0.0,../1_solve/solution/3_data_25000/thr_1e-4/data_2/pytorch_2,MATCH
3_data_25000,1e-4,data_2,3,-2353556.5,-2353556.5,0.0,../1_solve/solution/3_data_25000/thr_1e-4/data_2/pytorch_3,MATCH
3_data_25000,1e-4,data_2,4,-2352741.25,-2352741.5,0.25,../1_solve/solution/3_data_25000/thr_1e-4/data_2/pytorch_4,MATCH
3_data_25000,1e-4,data_2,5,-2352894.75,-2352895.0,0.25,../1_solve/solution/3_data_25000/thr_1e-4/data_2/pytorch_5,MATCH
3_data_25000,1e-4,data_3,1,-2384261.0,-2384261.0,0.0,../1_solve/solution/3_data_25000/thr_1e-4/data_3/pytorch_1,MATCH
3_data_25000,1e-4,data_3,2,-2386290.75,-2386290.75,0.0,../1_solve/solution/3_data_25000/thr_1e-4/data_3/pytorch_2,MATCH
3_data_25000,1e-4,data_3,3,-2388814.75,-2388814.75,0.0,../1_solve/solution/3_data_25000/thr_1e-4/data_3/pytorch_3,MATCH
3_data_25000,1e-4,data_3,4,-2389426.5,-2389426.5,0.0,../1_solve/solution/3_data_25000/thr_1e-4/data_3/pytorch_4,MATCH
3_data_25000,1e-4,data_3,5,-2390333.75,-2390333.75,0.0,../1_solve/solution/3_data_25000/thr_1e-4/data_3/pytorch_5,MATCH
3_data_25000,1e-4,data_4,1,-2389454.25,-2389454.5,0.25,../1_solve/solution/3_data_25000/thr_1e-4/data_4/pytorch_1,MATCH
3_data_25000,1e-4,data_4,2,-2390431.25,-2390431.25,0.0,../1_solve/solution/3_data_25000/thr_1e-4/data_4/pytorch_2,MATCH
3_data_25000,1e-4,data_4,3,-2386493.5,-2386493.75,0.25,../1_solve/solution/3_data_25000/thr_1e-4/data_4/pytorch_3,MATCH
3_data_25000,1e-4,data_4,4,-2390846.0,-2390846.25,0.25,../1_solve/solution/3_data_25000/thr_1e-4/data_4/pytorch_4,MATCH
3_data_25000,1e-4,data_4,5,-2385825.0,-2385825.0,0.0,../1_solve/solution/3_data_25000/thr_1e-4/data_4/pytorch_5,MATCH
3_data_25000,1e-4,data_5,1,-2393594.25,-2393594.0,-0.25,../1_solve/solution/3_data_25000/thr_1e-4/data_5/pytorch_1,MATCH
3_data_25000,1e-4,data_5,2,-2396412.5,-2396412.5,0.0,../1_solve/solution/3_data_25000/thr_1e-4/data_5/pytorch_2,MATCH
3_data_25000,1e-4,data_5,3,-2393155.25,-2393155.25,0.0,../1_solve/solution/3_data_25000/thr_1e-4/data_5/pytorch_3,MATCH
3_data_25000,1e-4,data_5,4,-2393468.0,-2393468.0,0.0,../1_solve/solution/3_data_25000/thr_1e-4/data_5/pytorch_4,MATCH
3_data_25000,1e-4,data_5,5,-2395139.5,-2395139.75,0.25,../1_solve/solution/3_data_25000/thr_1e-4/data_5/pytorch_5,MATCH
3_data_25000,1e-5,data_1,1,-2387042.25,-2387042.5,0.25,../1_solve/solution/3_data_25000/thr_1e-5/data_1/pytorch_1,MATCH
3_data_25000,1e-5,data_1,2,-2388710.0,-2388710.25,0.25,../1_solve/solution/3_data_25000/thr_1e-5/data_1/pytorch_2,MATCH
3_data_25000,1e-5,data_1,3,-2391468.25,-2391468.25,0.0,../1_solve/solution/3_data_25000/thr_1e-5/data_1/pytorch_3,MATCH
3_data_25000,1e-5,data_1,4,-2390155.25,-2390155.0,-0.25,../1_solve/solution/3_data_25000/thr_1e-5/data_1/pytorch_4,MATCH
3_data_25000,1e-5,data_1,5,-2391638.0,-2391638.0,0.0,../1_solve/solution/3_data_25000/thr_1e-5/data_1/pytorch_5,MATCH
3_data_25000,1e-5,data_2,1,-2357039.0,-2357039.0,0.0,../1_solve/solution/3_data_25000/thr_1e-5/data_2/pytorch_1,MATCH
3_data_25000,1e-5,data_2,2,-2358903.5,-2358903.5,0.0,../1_solve/solution/3_data_25000/thr_1e-5/data_2/pytorch_2,MATCH
3_data_25000,1e-5,data_2,3,-2356651.75,-2356652.0,0.25,../1_solve/solution/3_data_25000/thr_1e-5/data_2/pytorch_3,MATCH
3_data_25000,1e-5,data_2,4,-2359026.0,-2359026.0,0.0,../1_solve/solution/3_data_25000/thr_1e-5/data_2/pytorch_4,MATCH
3_data_25000,1e-5,data_2,5,-2358581.0,-2358581.0,0.0,../1_solve/solution/3_data_25000/thr_1e-5/data_2/pytorch_5,MATCH
3_data_25000,1e-5,data_3,1,-2393405.75,-2393405.5,-0.25,../1_solve/solution/3_data_25000/thr_1e-5/data_3/pytorch_1,MATCH
3_data_25000,1e-5,data_3,2,-2391799.25,-2391799.0,-0.25,../1_solve/solution/3_data_25000/thr_1e-5/data_3/pytorch_2,MATCH
3_data_25000,1e-5,data_3,3,-2391973.0,-2391973.0,0.0,../1_solve/solution/3_data_25000/thr_1e-5/data_3/pytorch_3,MATCH
3_data_25000,1e-5,data_3,4,-2392589.5,-2392589.25,-0.25,../1_solve/solution/3_data_25000/thr_1e-5/data_3/pytorch_4,MATCH
3_data_25000,1e-5,data_3,5,-2393144.0,-2393144.25,0.25,../1_solve/solution/3_data_25000/thr_1e-5/data_3/pytorch_5,MATCH
3_data_25000,1e-5,data_4,1,-2394355.0,-2394355.5,0.5,../1_solve/solution/3_data_25000/thr_1e-5/data_4/pytorch_1,MATCH
3_data_25000,1e-5,data_4,2,-2395105.75,-2395105.5,-0.25,../1_solve/solution/3_data_25000/thr_1e-5/data_4/pytorch_2,MATCH
3_data_25000,1e-5,data_4,3,-2392516.5,-2392516.75,0.25,../1_solve/solution/3_data_25000/thr_1e-5/data_4/pytorch_3,MATCH
3_data_25000,1e-5,data_4,4,-2396046.25,-2396046.5,0.25,../1_solve/solution/3_data_25000/thr_1e-5/data_4/pytorch_4,MATCH
3_data_25000,1e-5,data_4,5,-2392682.25,-2392682.0,-0.25,../1_solve/solution/3_data_25000/thr_1e-5/data_4/pytorch_5,MATCH
3_data_25000,1e-5,data_5,1,-2401706.25,-2401706.0,-0.25,../1_solve/solution/3_data_25000/thr_1e-5/data_5/pytorch_1,MATCH
3_data_25000,1e-5,data_5,2,-2400062.25,-2400062.5,0.25,../1_solve/solution/3_data_25000/thr_1e-5/data_5/pytorch_2,MATCH
3_data_25000,1e-5,data_5,3,-2398145.5,-2398145.5,0.0,../1_solve/solution/3_data_25000/thr_1e-5/data_5/pytorch_3,MATCH
3_data_25000,1e-5,data_5,4,-2397224.5,-2397224.5,0.0,../1_solve/solution/3_data_25000/thr_1e-5/data_5/pytorch_4,MATCH
3_data_25000,1e-5,data_5,5,-2401650.0,-2401650.0,0.0,../1_solve/solution/3_data_25000/thr_1e-5/data_5/pytorch_5,MATCH
3_data_25000,1e-6,data_1,1,-2388080.25,-2388080.25,0.0,../1_solve/solution/3_data_25000/thr_1e-6/data_1/pytorch_1,MATCH
3_data_25000,1e-6,data_1,2,-2388710.0,-2388710.25,0.25,../1_solve/solution/3_data_25000/thr_1e-6/data_1/pytorch_2,MATCH
3_data_25000,1e-6,data_1,3,-2392684.0,-2392684.0,0.0,../1_solve/solution/3_data_25000/thr_1e-6/data_1/pytorch_3,MATCH
3_data_25000,1e-6,data_1,4,-2395264.0,-2395264.0,0.0,../1_solve/solution/3_data_25000/thr_1e-6/data_1/pytorch_4,MATCH
3_data_25000,1e-6,data_1,5,-2391683.25,-2391683.5,0.25,../1_solve/solution/3_data_25000/thr_1e-6/data_1/pytorch_5,MATCH
3_data_25000,1e-6,data_2,1,-2359380.5,-2359380.25,-0.25,../1_solve/solution/3_data_25000/thr_1e-6/data_2/pytorch_1,MATCH
3_data_25000,1e-6,data_2,2,-2359346.5,-2359346.5,0.0,../1_solve/solution/3_data_25000/thr_1e-6/data_2/pytorch_2,MATCH
3_data_25000,1e-6,data_2,3,-2359961.75,-2359961.75,0.0,../1_solve/solution/3_data_25000/thr_1e-6/data_2/pytorch_3,MATCH
3_data_25000,1e-6,data_2,4,-2359240.25,-2359240.25,0.0,../1_solve/solution/3_data_25000/thr_1e-6/data_2/pytorch_4,MATCH
3_data_25000,1e-6,data_2,5,-2358581.0,-2358581.0,0.0,../1_solve/solution/3_data_25000/thr_1e-6/data_2/pytorch_5,MATCH
3_data_25000,1e-6,data_3,1,-2393400.5,-2393400.25,-0.25,../1_solve/solution/3_data_25000/thr_1e-6/data_3/pytorch_1,MATCH
3_data_25000,1e-6,data_3,2,-2395723.25,-2395723.5,0.25,../1_solve/solution/3_data_25000/thr_1e-6/data_3/pytorch_2,MATCH
3_data_25000,1e-6,data_3,3,-2393632.0,-2393632.0,0.0,../1_solve/solution/3_data_25000/thr_1e-6/data_3/pytorch_3,MATCH
3_data_25000,1e-6,data_3,4,-2392790.0,-2392790.0,0.0,../1_solve/solution/3_data_25000/thr_1e-6/data_3/pytorch_4,MATCH
3_data_25000,1e-6,data_3,5,-2398772.0,-2398772.0,0.0,../1_solve/solution/3_data_25000/thr_1e-6/data_3/pytorch_5,MATCH
3_data_25000,1e-6,data_4,1,-2395071.75,-2395071.75,0.0,../1_solve/solution/3_data_25000/thr_1e-6/data_4/pytorch_1,MATCH
3_data_25000,1e-6,data_4,2,-2396345.75,-2396345.75,0.0,../1_solve/solution/3_data_25000/thr_1e-6/data_4/pytorch_2,MATCH
3_data_25000,1e-6,data_4,3,-2395396.25,-2395396.0,-0.25,../1_solve/solution/3_data_25000/thr_1e-6/data_4/pytorch_3,MATCH
3_data_25000,1e-6,data_4,4,-2397591.0,-2397591.0,0.0,../1_solve/solution/3_data_25000/thr_1e-6/data_4/pytorch_4,MATCH
3_data_25000,1e-6,data_4,5,-2396515.5,-2396515.5,0.0,../1_solve/solution/3_data_25000/thr_1e-6/data_4/pytorch_5,MATCH
3_data_25000,1e-6,data_5,1,-2403084.0,-2403084.25,0.25,../1_solve/solution/3_data_25000/thr_1e-6/data_5/pytorch_1,MATCH
3_data_25000,1e-6,data_5,2,-2400054.25,-2400054.5,0.25,../1_solve/solution/3_data_25000/thr_1e-6/data_5/pytorch_2,MATCH
3_data_25000,1e-6,data_5,3,-2400523.0,-2400523.0,0.0,../1_solve/solution/3_data_25000/thr_1e-6/data_5/pytorch_3,MATCH
3_data_25000,1e-6,data_5,4,-2397893.0,-2397893.0,0.0,../1_solve/solution/3_data_25000/thr_1e-6/data_5/pytorch_4,MATCH
3_data_25000,1e-6,data_5,5,-2404564.0,-2404564.0,0.0,../1_solve/solution/3_data_25000/thr_1e-6/data_5/pytorch_5,MATCH
4_data_45000,1e-1,data_1,1,-5741816.0,-5741816.0,0.0,../1_solve/solution/4_data_45000/thr_1e-1/data_1/pytorch_1,MATCH
4_data_45000,1e-1,data_1,2,-5743897.5,-5743897.0,-0.5,../1_solve/solution/4_data_45000/thr_1e-1/data_1/pytorch_2,MATCH
4_data_45000,1e-1,data_1,3,-5740930.5,-5740930.0,-0.5,../1_solve/solution/4_data_45000/thr_1e-1/data_1/pytorch_3,MATCH
4_data_45000,1e-1,data_1,4,-5748259.5,-5748259.0,-0.5,../1_solve/solution/4_data_45000/thr_1e-1/data_1/pytorch_4,MATCH
4_data_45000,1e-1,data_1,5,-5743302.5,-5743302.5,0.0,../1_solve/solution/4_data_45000/thr_1e-1/data_1/pytorch_5,MATCH
4_data_45000,1e-1,data_2,1,-5707256.5,-5707256.0,-0.5,../1_solve/solution/4_data_45000/thr_1e-1/data_2/pytorch_1,MATCH
4_data_45000,1e-1,data_2,2,-5706899.0,-5706898.0,-1.0,../1_solve/solution/4_data_45000/thr_1e-1/data_2/pytorch_2,MATCH
4_data_45000,1e-1,data_2,3,-5703514.0,-5703514.0,0.0,../1_solve/solution/4_data_45000/thr_1e-1/data_2/pytorch_3,MATCH
4_data_45000,1e-1,data_2,4,-5703749.0,-5703749.0,0.0,../1_solve/solution/4_data_45000/thr_1e-1/data_2/pytorch_4,MATCH
4_data_45000,1e-1,data_2,5,-5704406.0,-5704406.5,0.5,../1_solve/solution/4_data_45000/thr_1e-1/data_2/pytorch_5,MATCH
4_data_45000,1e-1,data_3,1,-5634858.0,-5634858.0,0.0,../1_solve/solution/4_data_45000/thr_1e-1/data_3/pytorch_1,MATCH
4_data_45000,1e-1,data_3,2,-5631377.0,-5631377.0,0.0,../1_solve/solution/4_data_45000/thr_1e-1/data_3/pytorch_2,MATCH
4_data_45000,1e-1,data_3,3,-5626636.0,-5626636.5,0.5,../1_solve/solution/4_data_45000/thr_1e-1/data_3/pytorch_3,MATCH
4_data_45000,1e-1,data_3,4,-5628043.0,-5628042.0,-1.0,../1_solve/solution/4_data_45000/thr_1e-1/data_3/pytorch_4,MATCH
4_data_45000,1e-1,data_3,5,-5625735.5,-5625735.5,0.0,../1_solve/solution/4_data_45000/thr_1e-1/data_3/pytorch_5,MATCH
4_data_45000,1e-1,data_4,1,-5710471.0,-5710472.0,1.0,../1_solve/solution/4_data_45000/thr_1e-1/data_4/pytorch_1,MATCH
4_data_45000,1e-1,data_4,2,-5709745.5,-5709745.5,0.0,../1_solve/solution/4_data_45000/thr_1e-1/data_4/pytorch_2,MATCH
4_data_45000,1e-1,data_4,3,-5709746.5,-5709747.0,0.5,../1_solve/solution/4_data_45000/thr_1e-1/data_4/pytorch_3,MATCH
4_data_45000,1e-1,data_4,4,-5712942.0,-5712941.5,-0.5,../1_solve/solution/4_data_45000/thr_1e-1/data_4/pytorch_4,MATCH
4_data_45000,1e-1,data_4,5,-5703130.0,-5703130.5,0.5,../1_solve/solution/4_data_45000/thr_1e-1/data_4/pytorch_5,MATCH
4_data_45000,1e-1,data_5,1,-5600609.5,-5600609.5,0.0,../1_solve/solution/4_data_45000/thr_1e-1/data_5/pytorch_1,MATCH
4_data_45000,1e-1,data_5,2,-5593637.0,-5593637.0,0.0,../1_solve/solution/4_data_45000/thr_1e-1/data_5/pytorch_2,MATCH
4_data_45000,1e-1,data_5,3,-5597498.0,-5597498.0,0.0,../1_solve/solution/4_data_45000/thr_1e-1/data_5/pytorch_3,MATCH
4_data_45000,1e-1,data_5,4,-5593969.5,-5593970.0,0.5,../1_solve/solution/4_data_45000/thr_1e-1/data_5/pytorch_4,MATCH
4_data_45000,1e-1,data_5,5,-5606514.5,-5606514.0,-0.5,../1_solve/solution/4_data_45000/thr_1e-1/data_5/pytorch_5,MATCH
4_data_45000,1e-2,data_1,1,-5753918.0,-5753917.5,-0.5,../1_solve/solution/4_data_45000/thr_1e-2/data_1/pytorch_1,MATCH
4_data_45000,1e-2,data_1,2,-5755445.5,-5755445.5,0.0,../1_solve/solution/4_data_45000/thr_1e-2/data_1/pytorch_2,MATCH
4_data_45000,1e-2,data_1,3,-5752774.5,-5752774.0,-0.5,../1_solve/solution/4_data_45000/thr_1e-2/data_1/pytorch_3,MATCH
4_data_45000,1e-2,data_1,4,-5757532.5,-5757533.0,0.5,../1_solve/solution/4_data_45000/thr_1e-2/data_1/pytorch_4,MATCH
4_data_45000,1e-2,data_1,5,-5755285.5,-5755286.0,0.5,../1_solve/solution/4_data_45000/thr_1e-2/data_1/pytorch_5,MATCH
4_data_45000,1e-2,data_2,1,-5717340.0,-5717340.0,0.0,../1_solve/solution/4_data_45000/thr_1e-2/data_2/pytorch_1,MATCH
4_data_45000,1e-2,data_2,2,-5718387.0,-5718386.5,-0.5,../1_solve/solution/4_data_45000/thr_1e-2/data_2/pytorch_2,MATCH
4_data_45000,1e-2,data_2,3,-5714667.0,-5714667.0,0.0,../1_solve/solution/4_data_45000/thr_1e-2/data_2/pytorch_3,MATCH
4_data_45000,1e-2,data_2,4,-5717608.0,-5717608.0,0.0,../1_solve/solution/4_data_45000/thr_1e-2/data_2/pytorch_4,MATCH
4_data_45000,1e-2,data_2,5,-5716854.0,-5716854.5,0.5,../1_solve/solution/4_data_45000/thr_1e-2/data_2/pytorch_5,MATCH
4_data_45000,1e-2,data_3,1,-5644107.0,-5644107.0,0.0,../1_solve/solution/4_data_45000/thr_1e-2/data_3/pytorch_1,MATCH
4_data_45000,1e-2,data_3,2,-5642695.0,-5642695.0,0.0,../1_solve/solution/4_data_45000/thr_1e-2/data_3/pytorch_2,MATCH
4_data_45000,1e-2,data_3,3,-5637745.0,-5637744.5,-0.5,../1_solve/solution/4_data_45000/thr_1e-2/data_3/pytorch_3,MATCH
4_data_45000,1e-2,data_3,4,-5640031.0,-5640031.0,0.0,../1_solve/solution/4_data_45000/thr_1e-2/data_3/pytorch_4,MATCH
4_data_45000,1e-2,data_3,5,-5637973.0,-5637972.5,-0.5,../1_solve/solution/4_data_45000/thr_1e-2/data_3/pytorch_5,MATCH
4_data_45000,1e-2,data_4,1,-5721937.0,-5721937.5,0.5,../1_solve/solution/4_data_45000/thr_1e-2/data_4/pytorch_1,MATCH
4_data_45000,1e-2,data_4,2,-5719482.0,-5719482.0,0.0,../1_solve/solution/4_data_45000/thr_1e-2/data_4/pytorch_2,MATCH
4_data_45000,1e-2,data_4,3,-5720365.5,-5720366.0,0.5,../1_solve/solution/4_data_45000/thr_1e-2/data_4/pytorch_3,MATCH
4_data_45000,1e-2,data_4,4,-5724127.0,-5724127.0,0.0,../1_solve/solution/4_data_45000/thr_1e-2/data_4/pytorch_4,MATCH
4_data_45000,1e-2,data_4,5,-5715160.0,-5715160.0,0.0,../1_solve/solution/4_data_45000/thr_1e-2/data_4/pytorch_5,MATCH
4_data_45000,1e-2,data_5,1,-5613479.0,-5613479.0,0.0,../1_solve/solution/4_data_45000/thr_1e-2/data_5/pytorch_1,MATCH
4_data_45000,1e-2,data_5,2,-5604996.5,-5604996.0,-0.5,../1_solve/solution/4_data_45000/thr_1e-2/data_5/pytorch_2,MATCH
4_data_45000,1e-2,data_5,3,-5609793.0,-5609793.5,0.5,../1_solve/solution/4_data_45000/thr_1e-2/data_5/pytorch_3,MATCH
4_data_45000,1e-2,data_5,4,-5607216.5,-5607217.0,0.5,../1_solve/solution/4_data_45000/thr_1e-2/data_5/pytorch_4,MATCH
4_data_45000,1e-2,data_5,5,-5617640.5,-5617640.5,0.0,../1_solve/solution/4_data_45000/thr_1e-2/data_5/pytorch_5,MATCH
4_data_45000,1e-3,data_1,1,-5791400.0,-5791399.5,-0.5,../1_solve/solution/4_data_45000/thr_1e-3/data_1/pytorch_1,MATCH
4_data_45000,1e-3,data_1,2,-5794225.5,-5794225.0,-0.5,../1_solve/solution/4_data_45000/thr_1e-3/data_1/pytorch_2,MATCH
4_data_45000,1e-3,data_1,3,-5790845.0,-5790845.0,0.0,../1_solve/solution/4_data_45000/thr_1e-3/data_1/pytorch_3,MATCH
4_data_45000,1e-3,data_1,4,-5785727.0,-5785727.0,0.0,../1_solve/solution/4_data_45000/thr_1e-3/data_1/pytorch_4,MATCH
4_data_45000,1e-3,data_1,5,-5784854.5,-5784854.0,-0.5,../1_solve/solution/4_data_45000/thr_1e-3/data_1/pytorch_5,MATCH
4_data_45000,1e-3,data_2,1,-5755876.5,-5755876.0,-0.5,../1_solve/solution/4_data_45000/thr_1e-3/data_2/pytorch_1,MATCH
4_data_45000,1e-3,data_2,2,-5758265.5,-5758265.5,0.0,../1_solve/solution/4_data_45000/thr_1e-3/data_2/pytorch_2,MATCH
4_data_45000,1e-3,data_2,3,-5759438.0,-5759438.0,0.0,../1_solve/solution/4_data_45000/thr_1e-3/data_2/pytorch_3,MATCH
4_data_45000,1e-3,data_2,4,-5752228.0,-5752228.0,0.0,../1_solve/solution/4_data_45000/thr_1e-3/data_2/pytorch_4,MATCH
4_data_45000,1e-3,data_2,5,-5754082.0,-5754082.0,0.0,../1_solve/solution/4_data_45000/thr_1e-3/data_2/pytorch_5,MATCH
4_data_45000,1e-3,data_3,1,-5680214.5,-5680214.0,-0.5,../1_solve/solution/4_data_45000/thr_1e-3/data_3/pytorch_1,MATCH
4_data_45000,1e-3,data_3,2,-5676489.5,-5676490.0,0.5,../1_solve/solution/4_data_45000/thr_1e-3/data_3/pytorch_2,MATCH
4_data_45000,1e-3,data_3,3,-5675053.5,-5675053.0,-0.5,../1_solve/solution/4_data_45000/thr_1e-3/data_3/pytorch_3,MATCH
4_data_45000,1e-3,data_3,4,-5678150.5,-5678150.0,-0.5,../1_solve/solution/4_data_45000/thr_1e-3/data_3/pytorch_4,MATCH
4_data_45000,1e-3,data_3,5,-5678274.5,-5678274.5,0.0,../1_solve/solution/4_data_45000/thr_1e-3/data_3/pytorch_5,MATCH
4_data_45000,1e-3,data_4,1,-5759176.0,-5759176.0,0.0,../1_solve/solution/4_data_45000/thr_1e-3/data_4/pytorch_1,MATCH
4_data_45000,1e-3,data_4,2,-5748882.0,-5748882.0,0.0,../1_solve/solution/4_data_45000/thr_1e-3/data_4/pytorch_2,MATCH
4_data_45000,1e-3,data_4,3,-5757252.0,-5757252.0,0.0,../1_solve/solution/4_data_45000/thr_1e-3/data_4/pytorch_3,MATCH
4_data_45000,1e-3,data_4,4,-5758392.0,-5758392.0,0.0,../1_solve/solution/4_data_45000/thr_1e-3/data_4/pytorch_4,MATCH
4_data_45000,1e-3,data_4,5,-5751198.5,-5751198.5,0.0,../1_solve/solution/4_data_45000/thr_1e-3/data_4/pytorch_5,MATCH
4_data_45000,1e-3,data_5,1,-5656381.0,-5656381.0,0.0,../1_solve/solution/4_data_45000/thr_1e-3/data_5/pytorch_1,MATCH
4_data_45000,1e-3,data_5,2,-5645722.0,-5645721.0,-1.0,../1_solve/solution/4_data_45000/thr_1e-3/data_5/pytorch_2,MATCH
4_data_45000,1e-3,data_5,3,-5644548.0,-5644547.5,-0.5,../1_solve/solution/4_data_45000/thr_1e-3/data_5/pytorch_3,MATCH
4_data_45000,1e-3,data_5,4,-5651929.0,-5651928.5,-0.5,../1_solve/solution/4_data_45000/thr_1e-3/data_5/pytorch_4,MATCH
4_data_45000,1e-3,data_5,5,-5649476.5,-5649476.5,0.0,../1_solve/solution/4_data_45000/thr_1e-3/data_5/pytorch_5,MATCH
4_data_45000,1e-4,data_1,1,-5814226.0,-5814225.5,-0.5,../1_solve/solution/4_data_45000/thr_1e-4/data_1/pytorch_1,MATCH
4_data_45000,1e-4,data_1,2,-5820081.0,-5820081.0,0.0,../1_solve/solution/4_data_45000/thr_1e-4/data_1/pytorch_2,MATCH
4_data_45000,1e-4,data_1,3,-5807842.0,-5807841.5,-0.5,../1_solve/solution/4_data_45000/thr_1e-4/data_1/pytorch_3,MATCH
4_data_45000,1e-4,data_1,4,-5815732.0,-5815732.0,0.0,../1_solve/solution/4_data_45000/thr_1e-4/data_1/pytorch_4,MATCH
4_data_45000,1e-4,data_1,5,-5814056.0,-5814055.0,-1.0,../1_solve/solution/4_data_45000/thr_1e-4/data_1/pytorch_5,MATCH
4_data_45000,1e-4,data_2,1,-5781466.5,-5781467.0,0.5,../1_solve/solution/4_data_45000/thr_1e-4/data_2/pytorch_1,MATCH
4_data_45000,1e-4,data_2,2,-5781819.5,-5781819.5,0.0,../1_solve/solution/4_data_45000/thr_1e-4/data_2/pytorch_2,MATCH
4_data_45000,1e-4,data_2,3,-5782100.0,-5782099.5,-0.5,../1_solve/solution/4_data_45000/thr_1e-4/data_2/pytorch_3,MATCH
4_data_45000,1e-4,data_2,4,-5773473.5,-5773474.0,0.5,../1_solve/solution/4_data_45000/thr_1e-4/data_2/pytorch_4,MATCH
4_data_45000,1e-4,data_2,5,-5776648.0,-5776648.0,0.0,../1_solve/solution/4_data_45000/thr_1e-4/data_2/pytorch_5,MATCH
4_data_45000,1e-4,data_3,1,-5713401.0,-5713401.0,0.0,../1_solve/solution/4_data_45000/thr_1e-4/data_3/pytorch_1,MATCH
4_data_45000,1e-4,data_3,2,-5694388.5,-5694389.0,0.5,../1_solve/solution/4_data_45000/thr_1e-4/data_3/pytorch_2,MATCH
4_data_45000,1e-4,data_3,3,-5701536.5,-5701536.0,-0.5,../1_solve/solution/4_data_45000/thr_1e-4/data_3/pytorch_3,MATCH
4_data_45000,1e-4,data_3,4,-5704579.5,-5704580.0,0.5,../1_solve/solution/4_data_45000/thr_1e-4/data_3/pytorch_4,MATCH
4_data_45000,1e-4,data_3,5,-5701181.5,-5701181.5,0.0,../1_solve/solution/4_data_45000/thr_1e-4/data_3/pytorch_5,MATCH
4_data_45000,1e-4,data_4,1,-5785736.0,-5785736.0,0.0,../1_solve/solution/4_data_45000/thr_1e-4/data_4/pytorch_1,MATCH
4_data_45000,1e-4,data_4,2,-5779748.5,-5779748.5,0.0,../1_solve/solution/4_data_45000/thr_1e-4/data_4/pytorch_2,MATCH
4_data_45000,1e-4,data_4,3,-5785698.0,-5785698.0,0.0,../1_solve/solution/4_data_45000/thr_1e-4/data_4/pytorch_3,MATCH
4_data_45000,1e-4,data_4,4,-5785650.0,-5785650.0,0.0,../1_solve/solution/4_data_45000/thr_1e-4/data_4/pytorch_4,MATCH
4_data_45000,1e-4,data_4,5,-5783380.0,-5783380.5,0.5,../1_solve/solution/4_data_45000/thr_1e-4/data_4/pytorch_5,MATCH
4_data_45000,1e-4,data_5,1,-5683932.0,-5683931.5,-0.5,../1_solve/solution/4_data_45000/thr_1e-4/data_5/pytorch_1,MATCH
4_data_45000,1e-4,data_5,2,-5678454.0,-5678453.5,-0.5,../1_solve/solution/4_data_45000/thr_1e-4/data_5/pytorch_2,MATCH
4_data_45000,1e-4,data_5,3,-5676186.0,-5676186.5,0.5,../1_solve/solution/4_data_45000/thr_1e-4/data_5/pytorch_3,MATCH
4_data_45000,1e-4,data_5,4,-5678307.0,-5678307.0,0.0,../1_solve/solution/4_data_45000/thr_1e-4/data_5/pytorch_4,MATCH
4_data_45000,1e-4,data_5,5,-5678201.0,-5678201.0,0.0,../1_solve/solution/4_data_45000/thr_1e-4/data_5/pytorch_5,MATCH
4_data_45000,1e-5,data_1,1,-5830068.0,-5830068.0,0.0,../1_solve/solution/4_data_45000/thr_1e-5/data_1/pytorch_1,MATCH
4_data_45000,1e-5,data_1,2,-5829575.5,-5829576.0,0.5,../1_solve/solution/4_data_45000/thr_1e-5/data_1/pytorch_2,MATCH
4_data_45000,1e-5,data_1,3,-5828518.5,-5828518.0,-0.5,../1_solve/solution/4_data_45000/thr_1e-5/data_1/pytorch_3,MATCH
4_data_45000,1e-5,data_1,4,-5830210.0,-5830210.0,0.0,../1_solve/solution/4_data_45000/thr_1e-5/data_1/pytorch_4,MATCH
4_data_45000,1e-5,data_1,5,-5827803.0,-5827803.0,0.0,../1_solve/solution/4_data_45000/thr_1e-5/data_1/pytorch_5,MATCH
4_data_45000,1e-5,data_2,1,-5794010.5,-5794011.0,0.5,../1_solve/solution/4_data_45000/thr_1e-5/data_2/pytorch_1,MATCH
4_data_45000,1e-5,data_2,2,-5792951.0,-5792951.0,0.0,../1_solve/solution/4_data_45000/thr_1e-5/data_2/pytorch_2,MATCH
4_data_45000,1e-5,data_2,3,-5794086.0,-5794086.0,0.0,../1_solve/solution/4_data_45000/thr_1e-5/data_2/pytorch_3,MATCH
4_data_45000,1e-5,data_2,4,-5786624.5,-5786624.0,-0.5,../1_solve/solution/4_data_45000/thr_1e-5/data_2/pytorch_4,MATCH
4_data_45000,1e-5,data_2,5,-5794199.5,-5794199.0,-0.5,../1_solve/solution/4_data_45000/thr_1e-5/data_2/pytorch_5,MATCH
4_data_45000,1e-5,data_3,1,-5725511.5,-5725511.5,0.0,../1_solve/solution/4_data_45000/thr_1e-5/data_3/pytorch_1,MATCH
4_data_45000,1e-5,data_3,2,-5715262.0,-5715261.5,-0.5,../1_solve/solution/4_data_45000/thr_1e-5/data_3/pytorch_2,MATCH
4_data_45000,1e-5,data_3,3,-5724590.0,-5724589.5,-0.5,../1_solve/solution/4_data_45000/thr_1e-5/data_3/pytorch_3,MATCH
4_data_45000,1e-5,data_3,4,-5712032.5,-5712032.5,0.0,../1_solve/solution/4_data_45000/thr_1e-5/data_3/pytorch_4,MATCH
4_data_45000,1e-5,data_3,5,-5718767.0,-5718767.0,0.0,../1_solve/solution/4_data_45000/thr_1e-5/data_3/pytorch_5,MATCH
4_data_45000,1e-5,data_4,1,-5795031.5,-5795032.0,0.5,../1_solve/solution/4_data_45000/thr_1e-5/data_4/pytorch_1,MATCH
4_data_45000,1e-5,data_4,2,-5795127.5,-5795127.5,0.0,../1_solve/solution/4_data_45000/thr_1e-5/data_4/pytorch_2,MATCH
4_data_45000,1e-5,data_4,3,-5797042.5,-5797043.0,0.5,../1_solve/solution/4_data_45000/thr_1e-5/data_4/pytorch_3,MATCH
4_data_45000,1e-5,data_4,4,-5799078.5,-5799078.0,-0.5,../1_solve/solution/4_data_45000/thr_1e-5/data_4/pytorch_4,MATCH
4_data_45000,1e-5,data_4,5,-5799082.0,-5799082.5,0.5,../1_solve/solution/4_data_45000/thr_1e-5/data_4/pytorch_5,MATCH
4_data_45000,1e-5,data_5,1,-5695670.5,-5695670.5,0.0,../1_solve/solution/4_data_45000/thr_1e-5/data_5/pytorch_1,MATCH
4_data_45000,1e-5,data_5,2,-5699029.0,-5699029.0,0.0,../1_solve/solution/4_data_45000/thr_1e-5/data_5/pytorch_2,MATCH
4_data_45000,1e-5,data_5,3,-5685394.5,-5685395.0,0.5,../1_solve/solution/4_data_45000/thr_1e-5/data_5/pytorch_3,MATCH
4_data_45000,1e-5,data_5,4,-5694558.5,-5694558.0,-0.5,../1_solve/solution/4_data_45000/thr_1e-5/data_5/pytorch_4,MATCH
4_data_45000,1e-5,data_5,5,-5689842.0,-5689841.0,-1.0,../1_solve/solution/4_data_45000/thr_1e-5/data_5/pytorch_5,MATCH
4_data_45000,1e-6,data_1,1,-5831763.5,-5831763.5,0.0,../1_solve/solution/4_data_45000/thr_1e-6/data_1/pytorch_1,MATCH
4_data_45000,1e-6,data_1,2,-5832438.5,-5832438.0,-0.5,../1_solve/solution/4_data_45000/thr_1e-6/data_1/pytorch_2,MATCH
4_data_45000,1e-6,data_1,3,-5828527.5,-5828527.5,0.0,../1_solve/solution/4_data_45000/thr_1e-6/data_1/pytorch_3,MATCH
4_data_45000,1e-6,data_1,4,-5833423.5,-5833423.5,0.0,../1_solve/solution/4_data_45000/thr_1e-6/data_1/pytorch_4,MATCH
4_data_45000,1e-6,data_1,5,-5836390.5,-5836390.5,0.0,../1_solve/solution/4_data_45000/thr_1e-6/data_1/pytorch_5,MATCH
4_data_45000,1e-6,data_2,1,-5799074.5,-5799075.0,0.5,../1_solve/solution/4_data_45000/thr_1e-6/data_2/pytorch_1,MATCH
4_data_45000,1e-6,data_2,2,-5800273.0,-5800273.0,0.0,../1_solve/solution/4_data_45000/thr_1e-6/data_2/pytorch_2,MATCH
4_data_45000,1e-6,data_2,3,-5795855.0,-5795853.5,-1.5,../1_solve/solution/4_data_45000/thr_1e-6/data_2/pytorch_3,MATCH
4_data_45000,1e-6,data_2,4,-5795062.0,-5795062.5,0.5,../1_solve/solution/4_data_45000/thr_1e-6/data_2/pytorch_4,MATCH
4_data_45000,1e-6,data_2,5,-5799782.0,-5799782.0,0.0,../1_solve/solution/4_data_45000/thr_1e-6/data_2/pytorch_5,MATCH
4_data_45000,1e-6,data_3,1,-5726300.0,-5726299.5,-0.5,../1_solve/solution/4_data_45000/thr_1e-6/data_3/pytorch_1,MATCH
4_data_45000,1e-6,data_3,2,-5715896.0,-5715896.0,0.0,../1_solve/solution/4_data_45000/thr_1e-6/data_3/pytorch_2,MATCH
4_data_45000,1e-6,data_3,3,-5725084.0,-5725084.0,0.0,../1_solve/solution/4_data_45000/thr_1e-6/data_3/pytorch_3,MATCH
4_data_45000,1e-6,data_3,4,-5726113.5,-5726113.0,-0.5,../1_solve/solution/4_data_45000/thr_1e-6/data_3/pytorch_4,MATCH
4_data_45000,1e-6,data_3,5,-5721103.0,-5721103.0,0.0,../1_solve/solution/4_data_45000/thr_1e-6/data_3/pytorch_5,MATCH
4_data_45000,1e-6,data_4,1,-5798043.5,-5798044.0,0.5,../1_solve/solution/4_data_45000/thr_1e-6/data_4/pytorch_1,MATCH
4_data_45000,1e-6,data_4,2,-5802596.0,-5802596.0,0.0,../1_solve/solution/4_data_45000/thr_1e-6/data_4/pytorch_2,MATCH
4_data_45000,1e-6,data_4,3,-5806689.5,-5806690.0,0.5,../1_solve/solution/4_data_45000/thr_1e-6/data_4/pytorch_3,MATCH
4_data_45000,1e-6,data_4,4,-5799357.0,-5799357.0,0.0,../1_solve/solution/4_data_45000/thr_1e-6/data_4/pytorch_4,MATCH
4_data_45000,1e-6,data_4,5,-5803047.0,-5803047.0,0.0,../1_solve/solution/4_data_45000/thr_1e-6/data_4/pytorch_5,MATCH
4_data_45000,1e-6,data_5,1,-5699070.0,-5699070.0,0.0,../1_solve/solution/4_data_45000/thr_1e-6/data_5/pytorch_1,MATCH
4_data_45000,1e-6,data_5,2,-5700119.5,-5700119.5,0.0,../1_solve/solution/4_data_45000/thr_1e-6/data_5/pytorch_2,MATCH
4_data_45000,1e-6,data_5,3,-5688041.0,-5688041.0,0.0,../1_solve/solution/4_data_45000/thr_1e-6/data_5/pytorch_3,MATCH
4_data_45000,1e-6,data_5,4,-5695989.5,-5695989.5,0.0,../1_solve/solution/4_data_45000/thr_1e-6/data_5/pytorch_4,MATCH
4_data_45000,1e-6,data_5,5,-5697949.5,-5697949.5,0.0,../1_solve/solution/4_data_45000/thr_1e-6/data_5/pytorch_5,MATCH
